parent_id,student_id,name
P0001,ST0001,Parent_1
P0002,ST0002,Parent_2
P0003,ST0003,Parent_3
P0004,ST0004,Parent_4
P0005,ST0005,Parent_5
P0006,ST0006,Parent_6
P0007,ST0007,Parent_7
P0008,ST0008,Parent_8
P0009,ST0009,Parent_9
P0010,ST0010,Parent_10
P0011,ST0011,Parent_11
P0012,ST0012,Parent_12
P0013,ST0013,Parent_13
P0014,ST0014,Parent_14
P0015,ST0015,Parent_15
P0016,ST0016,Parent_16
P0017,ST0017,Parent_17
P0018,ST0018,Parent_18
P0019,ST0019,Parent_19
P0020,ST0020,Parent_20
P0021,ST0021,Parent_21
P0022,ST0022,Parent_22
P0023,ST0023,Parent_23
P0024,ST0024,Parent_24
P0025,ST0025,Parent_25
P0026,ST0026,Parent_26
P0027,ST0027,Parent_27
P0028,ST0028,Parent_28
P0029,ST0029,Parent_29
P0030,ST0030,Parent_30
P0031,ST0031,Parent_31
P0032,ST0032,Parent_32
P0033,ST0033,Parent_33
P0034,ST0034,Parent_34
P0035,ST0035,Parent_35
P0036,ST0036,Parent_36
P0037,ST0037,Parent_37
P0038,ST0038,Parent_38
P0039,ST0039,Parent_39
P0040,ST0040,Parent_40
P0041,ST0041,Parent_41
P0042,ST0042,Parent_42
P0043,ST0043,Parent_43
P0044,ST0044,Parent_44
P0045,ST0045,Parent_45
P0046,ST0046,Parent_46
P0047,ST0047,Parent_47
P0048,ST0048,Parent_48
P0049,ST0049,Parent_49
P0050,ST0050,Parent_50
P0051,ST0051,Parent_51
P0052,ST0052,Parent_52
P0053,ST0053,Parent_53
P0054,ST0054,Parent_54
P0055,ST0055,Parent_55
P0056,ST0056,Parent_56
P0057,ST0057,Parent_57
P0058,ST0058,Parent_58
P0059,ST0059,Parent_59
P0060,ST0060,Parent_60
P0061,ST0061,Parent_61
P0062,ST0062,Parent_62
P0063,ST0063,Parent_63
P0064,ST0064,Parent_64
P0065,ST0065,Parent_65
P0066,ST0066,Parent_66
P0067,ST0067,Parent_67
P0068,ST0068,Parent_68
P0069,ST0069,Parent_69
P0070,ST0070,Parent_70
P0071,ST0071,Parent_71
P0072,ST0072,Parent_72
P0073,ST0073,Parent_73
P0074,ST0074,Parent_74
P0075,ST0075,Parent_75
P0076,ST0076,Parent_76
P0077,ST0077,Parent_77
P0078,ST0078,Parent_78
P0079,ST0079,Parent_79
P0080,ST0080,Parent_80
P0081,ST0081,Parent_81
P0082,ST0082,Parent_82
P0083,ST0083,Parent_83
P0084,ST0084,Parent_84
P0085,ST0085,Parent_85
P0086,ST0086,Parent_86
P0087,ST0087,Parent_87
P0088,ST0088,Parent_88
P0089,ST0089,Parent_89
P0090,ST0090,Parent_90
P0091,ST0091,Parent_91
P0092,ST0092,Parent_92
P0093,ST0093,Parent_93
P0094,ST0094,Parent_94
P0095,ST0095,Parent_95
P0096,ST0096,Parent_96
P0097,ST0097,Parent_97
P0098,ST0098,Parent_98
P0099,ST0099,Parent_99
P0100,ST0100,Parent_100
P0101,ST0101,Parent_101
P0102,ST0102,Parent_102
P0103,ST0103,Parent_103
P0104,ST0104,Parent_104
P0105,ST0105,Parent_105
P0106,ST0106,Parent_106
P0107,ST0107,Parent_107
P0108,ST0108,Parent_108
P0109,ST0109,Parent_109
P0110,ST0110,Parent_110
P0111,ST0111,Parent_111
P0112,ST0112,Parent_112
P0113,ST0113,Parent_113
P0114,ST0114,Parent_114
P0115,ST0115,Parent_115
P0116,ST0116,Parent_116
P0117,ST0117,Parent_117
P0118,ST0118,Parent_118
P0119,ST0119,Parent_119
P0120,ST0120,Parent_120
P0121,ST0121,Parent_121
P0122,ST0122,Parent_122
P0123,ST0123,Parent_123
P0124,ST0124,Parent_124
P0125,ST0125,Parent_125
P0126,ST0126,Parent_126
P0127,ST0127,Parent_127
P0128,ST0128,Parent_128
P0129,ST0129,Parent_129
P0130,ST0130,Parent_130
P0131,ST0131,Parent_131
P0132,ST0132,Parent_132
P0133,ST0133,Parent_133
P0134,ST0134,Parent_134
P0135,ST0135,Parent_135
P0136,ST0136,Parent_136
P0137,ST0137,Parent_137
P0138,ST0138,Parent_138
P0139,ST0139,Parent_139
P0140,ST0140,Parent_140
P0141,ST0141,Parent_141
P0142,ST0142,Parent_142
P0143,ST0143,Parent_143
P0144,ST0144,Parent_144
P0145,ST0145,Parent_145
P0146,ST0146,Parent_146
P0147,ST0147,Parent_147
P0148,ST0148,Parent_148
P0149,ST0149,Parent_149
P0150,ST0150,Parent_150
P0151,ST0151,Parent_151
P0152,ST0152,Parent_152
P0153,ST0153,Parent_153
P0154,ST0154,Parent_154
P0155,ST0155,Parent_155
P0156,ST0156,Parent_156
P0157,ST0157,Parent_157
P0158,ST0158,Parent_158
P0159,ST0159,Parent_159
P0160,ST0160,Parent_160
P0161,ST0161,Parent_161
P0162,ST0162,Parent_162
P0163,ST0163,Parent_163
P0164,ST0164,Parent_164
P0165,ST0165,Parent_165
P0166,ST0166,Parent_166
P0167,ST0167,Parent_167
P0168,ST0168,Parent_168
P0169,ST0169,Parent_169
P0170,ST0170,Parent_170
P0171,ST0171,Parent_171
P0172,ST0172,Parent_172
P0173,ST0173,Parent_173
P0174,ST0174,Parent_174
P0175,ST0175,Parent_175
P0176,ST0176,Parent_176
P0177,ST0177,Parent_177
P0178,ST0178,Parent_178
P0179,ST0179,Parent_179
P0180,ST0180,Parent_180
P0181,ST0181,Parent_181
P0182,ST0182,Parent_182
P0183,ST0183,Parent_183
P0184,ST0184,Parent_184
P0185,ST0185,Parent_185
P0186,ST0186,Parent_186
P0187,ST0187,Parent_187
P0188,ST0188,Parent_188
P0189,ST0189,Parent_189
P0190,ST0190,Parent_190
P0191,ST0191,Parent_191
P0192,ST0192,Parent_192
P0193,ST0193,Parent_193
P0194,ST0194,Parent_194
P0195,ST0195,Parent_195
P0196,ST0196,Parent_196
P0197,ST0197,Parent_197
P0198,ST0198,Parent_198
P0199,ST0199,Parent_199
P0200,ST0200,Parent_200
P0201,ST0201,Parent_201
P0202,ST0202,Parent_202
P0203,ST0203,Parent_203
P0204,ST0204,Parent_204
P0205,ST0205,Parent_205
P0206,ST0206,Parent_206
P0207,ST0207,Parent_207
P0208,ST0208,Parent_208
P0209,ST0209,Parent_209
P0210,ST0210,Parent_210
P0211,ST0211,Parent_211
P0212,ST0212,Parent_212
P0213,ST0213,Parent_213
P0214,ST0214,Parent_214
P0215,ST0215,Parent_215
P0216,ST0216,Parent_216
P0217,ST0217,Parent_217
P0218,ST0218,Parent_218
P0219,ST0219,Parent_219
P0220,ST0220,Parent_220
P0221,ST0221,Parent_221
P0222,ST0222,Parent_222
P0223,ST0223,Parent_223
P0224,ST0224,Parent_224
P0225,ST0225,Parent_225
P0226,ST0226,Parent_226
P0227,ST0227,Parent_227
P0228,ST0228,Parent_228
P0229,ST0229,Parent_229
P0230,ST0230,Parent_230
P0231,ST0231,Parent_231
P0232,ST0232,Parent_232
P0233,ST0233,Parent_233
P0234,ST0234,Parent_234
P0235,ST0235,Parent_235
P0236,ST0236,Parent_236
P0237,ST0237,Parent_237
P0238,ST0238,Parent_238
P0239,ST0239,Parent_239
P0240,ST0240,Parent_240
P0241,ST0241,Parent_241
P0242,ST0242,Parent_242
P0243,ST0243,Parent_243
P0244,ST0244,Parent_244
P0245,ST0245,Parent_245
P0246,ST0246,Parent_246
P0247,ST0247,Parent_247
P0248,ST0248,Parent_248
P0249,ST0249,Parent_249
P0250,ST0250,Parent_250
P0251,ST0251,Parent_251
P0252,ST0252,Parent_252
P0253,ST0253,Parent_253
P0254,ST0254,Parent_254
P0255,ST0255,Parent_255
P0256,ST0256,Parent_256
P0257,ST0257,Parent_257
P0258,ST0258,Parent_258
P0259,ST0259,Parent_259
P0260,ST0260,Parent_260
P0261,ST0261,Parent_261
P0262,ST0262,Parent_262
P0263,ST0263,Parent_263
P0264,ST0264,Parent_264
P0265,ST0265,Parent_265
P0266,ST0266,Parent_266
P0267,ST0267,Parent_267
P0268,ST0268,Parent_268
P0269,ST0269,Parent_269
P0270,ST0270,Parent_270
P0271,ST0271,Parent_271
P0272,ST0272,Parent_272
P0273,ST0273,Parent_273
P0274,ST0274,Parent_274
P0275,ST0275,Parent_275
P0276,ST0276,Parent_276
P0277,ST0277,Parent_277
P0278,ST0278,Parent_278
P0279,ST0279,Parent_279
P0280,ST0280,Parent_280
P0281,ST0281,Parent_281
P0282,ST0282,Parent_282
P0283,ST0283,Parent_283
P0284,ST0284,Parent_284
P0285,ST0285,Parent_285
P0286,ST0286,Parent_286
P0287,ST0287,Parent_287
P0288,ST0288,Parent_288
P0289,ST0289,Parent_289
P0290,ST0290,Parent_290
P0291,ST0291,Parent_291
P0292,ST0292,Parent_292
P0293,ST0293,Parent_293
P0294,ST0294,Parent_294
P0295,ST0295,Parent_295
P0296,ST0296,Parent_296
P0297,ST0297,Parent_297
P0298,ST0298,Parent_298
P0299,ST0299,Parent_299
P0300,ST0300,Parent_300
P0301,ST0301,Parent_301
P0302,ST0302,Parent_302
P0303,ST0303,Parent_303
P0304,ST0304,Parent_304
P0305,ST0305,Parent_305
P0306,ST0306,Parent_306
P0307,ST0307,Parent_307
P0308,ST0308,Parent_308
P0309,ST0309,Parent_309
P0310,ST0310,Parent_310
P0311,ST0311,Parent_311
P0312,ST0312,Parent_312
P0313,ST0313,Parent_313
P0314,ST0314,Parent_314
P0315,ST0315,Parent_315
P0316,ST0316,Parent_316
P0317,ST0317,Parent_317
P0318,ST0318,Parent_318
P0319,ST0319,Parent_319
P0320,ST0320,Parent_320
P0321,ST0321,Parent_321
P0322,ST0322,Parent_322
P0323,ST0323,Parent_323
P0324,ST0324,Parent_324
P0325,ST0325,Parent_325
P0326,ST0326,Parent_326
P0327,ST0327,Parent_327
P0328,ST0328,Parent_328
P0329,ST0329,Parent_329
P0330,ST0330,Parent_330
P0331,ST0331,Parent_331
P0332,ST0332,Parent_332
P0333,ST0333,Parent_333
P0334,ST0334,Parent_334
P0335,ST0335,Parent_335
P0336,ST0336,Parent_336
P0337,ST0337,Parent_337
P0338,ST0338,Parent_338
P0339,ST0339,Parent_339
P0340,ST0340,Parent_340
P0341,ST0341,Parent_341
P0342,ST0342,Parent_342
P0343,ST0343,Parent_343
P0344,ST0344,Parent_344
P0345,ST0345,Parent_345
P0346,ST0346,Parent_346
P0347,ST0347,Parent_347
P0348,ST0348,Parent_348
P0349,ST0349,Parent_349
P0350,ST0350,Parent_350
P0351,ST0351,Parent_351
P0352,ST0352,Parent_352
P0353,ST0353,Parent_353
P0354,ST0354,Parent_354
P0355,ST0355,Parent_355
P0356,ST0356,Parent_356
P0357,ST0357,Parent_357
P0358,ST0358,Parent_358
P0359,ST0359,Parent_359
P0360,ST0360,Parent_360
P0361,ST0361,Parent_361
P0362,ST0362,Parent_362
P0363,ST0363,Parent_363
P0364,ST0364,Parent_364
P0365,ST0365,Parent_365
P0366,ST0366,Parent_366
P0367,ST0367,Parent_367
P0368,ST0368,Parent_368
P0369,ST0369,Parent_369
P0370,ST0370,Parent_370
P0371,ST0371,Parent_371
P0372,ST0372,Parent_372
P0373,ST0373,Parent_373
P0374,ST0374,Parent_374
P0375,ST0375,Parent_375
P0376,ST0376,Parent_376
P0377,ST0377,Parent_377
P0378,ST0378,Parent_378
P0379,ST0379,Parent_379
P0380,ST0380,Parent_380
P0381,ST0381,Parent_381
P0382,ST0382,Parent_382
P0383,ST0383,Parent_383
P0384,ST0384,Parent_384
P0385,ST0385,Parent_385
P0386,ST0386,Parent_386
P0387,ST0387,Parent_387
P0388,ST0388,Parent_388
P0389,ST0389,Parent_389
P0390,ST0390,Parent_390
P0391,ST0391,Parent_391
P0392,ST0392,Parent_392
P0393,ST0393,Parent_393
P0394,ST0394,Parent_394
P0395,ST0395,Parent_395
P0396,ST0396,Parent_396
P0397,ST0397,Parent_397
P0398,ST0398,Parent_398
P0399,ST0399,Parent_399
P0400,ST0400,Parent_400
P0401,ST0401,Parent_401
P0402,ST0402,Parent_402
P0403,ST0403,Parent_403
P0404,ST0404,Parent_404
P0405,ST0405,Parent_405
P0406,ST0406,Parent_406
P0407,ST0407,Parent_407
P0408,ST0408,Parent_408
P0409,ST0409,Parent_409
P0410,ST0410,Parent_410
P0411,ST0411,Parent_411
P0412,ST0412,Parent_412
P0413,ST0413,Parent_413
P0414,ST0414,Parent_414
P0415,ST0415,Parent_415
P0416,ST0416,Parent_416
P0417,ST0417,Parent_417
P0418,ST0418,Parent_418
P0419,ST0419,Parent_419
P0420,ST0420,Parent_420
P0421,ST0421,Parent_421
P0422,ST0422,Parent_422
P0423,ST0423,Parent_423
P0424,ST0424,Parent_424
P0425,ST0425,Parent_425
P0426,ST0426,Parent_426
P0427,ST0427,Parent_427
P0428,ST0428,Parent_428
P0429,ST0429,Parent_429
P0430,ST0430,Parent_430
P0431,ST0431,Parent_431
P0432,ST0432,Parent_432
P0433,ST0433,Parent_433
P0434,ST0434,Parent_434
P0435,ST0435,Parent_435
P0436,ST0436,Parent_436
P0437,ST0437,Parent_437
P0438,ST0438,Parent_438
P0439,ST0439,Parent_439
P0440,ST0440,Parent_440
P0441,ST0441,Parent_441
P0442,ST0442,Parent_442
P0443,ST0443,Parent_443
P0444,ST0444,Parent_444
P0445,ST0445,Parent_445
P0446,ST0446,Parent_446
P0447,ST0447,Parent_447
P0448,ST0448,Parent_448
P0449,ST0449,Parent_449
P0450,ST0450,Parent_450
P0451,ST0451,Parent_451
P0452,ST0452,Parent_452
P0453,ST0453,Parent_453
P0454,ST0454,Parent_454
P0455,ST0455,Parent_455
P0456,ST0456,Parent_456
P0457,ST0457,Parent_457
P0458,ST0458,Parent_458
P0459,ST0459,Parent_459
P0460,ST0460,Parent_460
P0461,ST0461,Parent_461
P0462,ST0462,Parent_462
P0463,ST0463,Parent_463
P0464,ST0464,Parent_464
P0465,ST0465,Parent_465
P0466,ST0466,Parent_466
P0467,ST0467,Parent_467
P0468,ST0468,Parent_468
P0469,ST0469,Parent_469
P0470,ST0470,Parent_470
P0471,ST0471,Parent_471
P0472,ST0472,Parent_472
P0473,ST0473,Parent_473
P0474,ST0474,Parent_474
P0475,ST0475,Parent_475
P0476,ST0476,Parent_476
P0477,ST0477,Parent_477
P0478,ST0478,Parent_478
P0479,ST0479,Parent_479
P0480,ST0480,Parent_480
P0481,ST0481,Parent_481
P0482,ST0482,Parent_482
P0483,ST0483,Parent_483
P0484,ST0484,Parent_484
P0485,ST0485,Parent_485
P0486,ST0486,Parent_486
P0487,ST0487,Parent_487
P0488,ST0488,Parent_488
P0489,ST0489,Parent_489
P0490,ST0490,Parent_490
P0491,ST0491,Parent_491
P0492,ST0492,Parent_492
P0493,ST0493,Parent_493
P0494,ST0494,Parent_494
P0495,ST0495,Parent_495
P0496,ST0496,Parent_496
P0497,ST0497,Parent_497
P0498,ST0498,Parent_498
P0499,ST0499,Parent_499
P0500,ST0500,Parent_500
P0501,ST0501,Parent_501
P0502,ST0502,Parent_502
P0503,ST0503,Parent_503
P0504,ST0504,Parent_504
P0505,ST0505,Parent_505
P0506,ST0506,Parent_506
P0507,ST0507,Parent_507
P0508,ST0508,Parent_508
P0509,ST0509,Parent_509
P0510,ST0510,Parent_510
P0511,ST0511,Parent_511
P0512,ST0512,Parent_512
P0513,ST0513,Parent_513
P0514,ST0514,Parent_514
P0515,ST0515,Parent_515
P0516,ST0516,Parent_516
P0517,ST0517,Parent_517
P0518,ST0518,Parent_518
P0519,ST0519,Parent_519
P0520,ST0520,Parent_520
P0521,ST0521,Parent_521
P0522,ST0522,Parent_522
P0523,ST0523,Parent_523
P0524,ST0524,Parent_524
P0525,ST0525,Parent_525
P0526,ST0526,Parent_526
P0527,ST0527,Parent_527
P0528,ST0528,Parent_528
P0529,ST0529,Parent_529
P0530,ST0530,Parent_530
P0531,ST0531,Parent_531
P0532,ST0532,Parent_532
P0533,ST0533,Parent_533
P0534,ST0534,Parent_534
P0535,ST0535,Parent_535
P0536,ST0536,Parent_536
P0537,ST0537,Parent_537
P0538,ST0538,Parent_538
P0539,ST0539,Parent_539
P0540,ST0540,Parent_540
P0541,ST0541,Parent_541
P0542,ST0542,Parent_542
P0543,ST0543,Parent_543
P0544,ST0544,Parent_544
P0545,ST0545,Parent_545
P0546,ST0546,Parent_546
P0547,ST0547,Parent_547
P0548,ST0548,Parent_548
P0549,ST0549,Parent_549
P0550,ST0550,Parent_550
P0551,ST0551,Parent_551
P0552,ST0552,Parent_552
P0553,ST0553,Parent_553
P0554,ST0554,Parent_554
P0555,ST0555,Parent_555
P0556,ST0556,Parent_556
P0557,ST0557,Parent_557
P0558,ST0558,Parent_558
P0559,ST0559,Parent_559
P0560,ST0560,Parent_560
P0561,ST0561,Parent_561
P0562,ST0562,Parent_562
P0563,ST0563,Parent_563
P0564,ST0564,Parent_564
P0565,ST0565,Parent_565
P0566,ST0566,Parent_566
P0567,ST0567,Parent_567
P0568,ST0568,Parent_568
P0569,ST0569,Parent_569
P0570,ST0570,Parent_570
P0571,ST0571,Parent_571
P0572,ST0572,Parent_572
P0573,ST0573,Parent_573
P0574,ST0574,Parent_574
P0575,ST0575,Parent_575
P0576,ST0576,Parent_576
P0577,ST0577,Parent_577
P0578,ST0578,Parent_578
P0579,ST0579,Parent_579
P0580,ST0580,Parent_580
P0581,ST0581,Parent_581
P0582,ST0582,Parent_582
P0583,ST0583,Parent_583
P0584,ST0584,Parent_584
P0585,ST0585,Parent_585
P0586,ST0586,Parent_586
P0587,ST0587,Parent_587
P0588,ST0588,Parent_588
P0589,ST0589,Parent_589
P0590,ST0590,Parent_590
P0591,ST0591,Parent_591
P0592,ST0592,Parent_592
P0593,ST0593,Parent_593
P0594,ST0594,Parent_594
P0595,ST0595,Parent_595
P0596,ST0596,Parent_596
P0597,ST0597,Parent_597
P0598,ST0598,Parent_598
P0599,ST0599,Parent_599
P0600,ST0600,Parent_600
P0601,ST0601,Parent_601
P0602,ST0602,Parent_602
P0603,ST0603,Parent_603
P0604,ST0604,Parent_604
P0605,ST0605,Parent_605
P0606,ST0606,Parent_606
P0607,ST0607,Parent_607
P0608,ST0608,Parent_608
P0609,ST0609,Parent_609
P0610,ST0610,Parent_610
P0611,ST0611,Parent_611
P0612,ST0612,Parent_612
P0613,ST0613,Parent_613
P0614,ST0614,Parent_614
P0615,ST0615,Parent_615
P0616,ST0616,Parent_616
P0617,ST0617,Parent_617
P0618,ST0618,Parent_618
P0619,ST0619,Parent_619
P0620,ST0620,Parent_620
P0621,ST0621,Parent_621
P0622,ST0622,Parent_622
P0623,ST0623,Parent_623
P0624,ST0624,Parent_624
P0625,ST0625,Parent_625
P0626,ST0626,Parent_626
P0627,ST0627,Parent_627
P0628,ST0628,Parent_628
P0629,ST0629,Parent_629
P0630,ST0630,Parent_630
P0631,ST0631,Parent_631
P0632,ST0632,Parent_632
P0633,ST0633,Parent_633
P0634,ST0634,Parent_634
P0635,ST0635,Parent_635
P0636,ST0636,Parent_636
P0637,ST0637,Parent_637
P0638,ST0638,Parent_638
P0639,ST0639,Parent_639
P0640,ST0640,Parent_640
P0641,ST0641,Parent_641
P0642,ST0642,Parent_642
P0643,ST0643,Parent_643
P0644,ST0644,Parent_644
P0645,ST0645,Parent_645
P0646,ST0646,Parent_646
P0647,ST0647,Parent_647
P0648,ST0648,Parent_648
P0649,ST0649,Parent_649
P0650,ST0650,Parent_650
P0651,ST0651,Parent_651
P0652,ST0652,Parent_652
P0653,ST0653,Parent_653
P0654,ST0654,Parent_654
P0655,ST0655,Parent_655
P0656,ST0656,Parent_656
P0657,ST0657,Parent_657
P0658,ST0658,Parent_658
P0659,ST0659,Parent_659
P0660,ST0660,Parent_660
P0661,ST0661,Parent_661
P0662,ST0662,Parent_662
P0663,ST0663,Parent_663
P0664,ST0664,Parent_664
P0665,ST0665,Parent_665
P0666,ST0666,Parent_666
P0667,ST0667,Parent_667
P0668,ST0668,Parent_668
P0669,ST0669,Parent_669
P0670,ST0670,Parent_670
P0671,ST0671,Parent_671
P0672,ST0672,Parent_672
P0673,ST0673,Parent_673
P0674,ST0674,Parent_674
P0675,ST0675,Parent_675
P0676,ST0676,Parent_676
P0677,ST0677,Parent_677
P0678,ST0678,Parent_678
P0679,ST0679,Parent_679
P0680,ST0680,Parent_680
P0681,ST0681,Parent_681
P0682,ST0682,Parent_682
P0683,ST0683,Parent_683
P0684,ST0684,Parent_684
P0685,ST0685,Parent_685
P0686,ST0686,Parent_686
P0687,ST0687,Parent_687
P0688,ST0688,Parent_688
P0689,ST0689,Parent_689
P0690,ST0690,Parent_690
P0691,ST0691,Parent_691
P0692,ST0692,Parent_692
P0693,ST0693,Parent_693
P0694,ST0694,Parent_694
P0695,ST0695,Parent_695
P0696,ST0696,Parent_696
P0697,ST0697,Parent_697
P0698,ST0698,Parent_698
P0699,ST0699,Parent_699
P0700,ST0700,Parent_700
P0701,ST0701,Parent_701
P0702,ST0702,Parent_702
P0703,ST0703,Parent_703
P0704,ST0704,Parent_704
P0705,ST0705,Parent_705
P0706,ST0706,Parent_706
P0707,ST0707,Parent_707
P0708,ST0708,Parent_708
P0709,ST0709,Parent_709
P0710,ST0710,Parent_710
P0711,ST0711,Parent_711
P0712,ST0712,Parent_712
P0713,ST0713,Parent_713
P0714,ST0714,Parent_714
P0715,ST0715,Parent_715
P0716,ST0716,Parent_716
P0717,ST0717,Parent_717
P0718,ST0718,Parent_718
P0719,ST0719,Parent_719
P0720,ST0720,Parent_720
P0721,ST0721,Parent_721
P0722,ST0722,Parent_722
P0723,ST0723,Parent_723
P0724,ST0724,Parent_724
P0725,ST0725,Parent_725
P0726,ST0726,Parent_726
P0727,ST0727,Parent_727
P0728,ST0728,Parent_728
P0729,ST0729,Parent_729
P0730,ST0730,Parent_730
P0731,ST0731,Parent_731
P0732,ST0732,Parent_732
P0733,ST0733,Parent_733
P0734,ST0734,Parent_734
P0735,ST0735,Parent_735
P0736,ST0736,Parent_736
P0737,ST0737,Parent_737
P0738,ST0738,Parent_738
P0739,ST0739,Parent_739
P0740,ST0740,Parent_740
P0741,ST0741,Parent_741
P0742,ST0742,Parent_742
P0743,ST0743,Parent_743
P0744,ST0744,Parent_744
P0745,ST0745,Parent_745
P0746,ST0746,Parent_746
P0747,ST0747,Parent_747
P0748,ST0748,Parent_748
P0749,ST0749,Parent_749
P0750,ST0750,Parent_750
P0751,ST0751,Parent_751
P0752,ST0752,Parent_752
P0753,ST0753,Parent_753
P0754,ST0754,Parent_754
P0755,ST0755,Parent_755
P0756,ST0756,Parent_756
P0757,ST0757,Parent_757
P0758,ST0758,Parent_758
P0759,ST0759,Parent_759
P0760,ST0760,Parent_760
P0761,ST0761,Parent_761
P0762,ST0762,Parent_762
P0763,ST0763,Parent_763
P0764,ST0764,Parent_764
P0765,ST0765,Parent_765
P0766,ST0766,Parent_766
P0767,ST0767,Parent_767
P0768,ST0768,Parent_768
P0769,ST0769,Parent_769
P0770,ST0770,Parent_770
P0771,ST0771,Parent_771
P0772,ST0772,Parent_772
P0773,ST0773,Parent_773
P0774,ST0774,Parent_774
P0775,ST0775,Parent_775
P0776,ST0776,Parent_776
P0777,ST0777,Parent_777
P0778,ST0778,Parent_778
P0779,ST0779,Parent_779
P0780,ST0780,Parent_780
P0781,ST0781,Parent_781
P0782,ST0782,Parent_782
P0783,ST0783,Parent_783
P0784,ST0784,Parent_784
P0785,ST0785,Parent_785
P0786,ST0786,Parent_786
P0787,ST0787,Parent_787
P0788,ST0788,Parent_788
P0789,ST0789,Parent_789
P0790,ST0790,Parent_790
P0791,ST0791,Parent_791
P0792,ST0792,Parent_792
P0793,ST0793,Parent_793
P0794,ST0794,Parent_794
P0795,ST0795,Parent_795
P0796,ST0796,Parent_796
P0797,ST0797,Parent_797
P0798,ST0798,Parent_798
P0799,ST0799,Parent_799
P0800,ST0800,Parent_800
P0801,ST0801,Parent_801
P0802,ST0802,Parent_802
P0803,ST0803,Parent_803
P0804,ST0804,Parent_804
P0805,ST0805,Parent_805
P0806,ST0806,Parent_806
P0807,ST0807,Parent_807
P0808,ST0808,Parent_808
P0809,ST0809,Parent_809
P0810,ST0810,Parent_810
P0811,ST0811,Parent_811
P0812,ST0812,Parent_812
P0813,ST0813,Parent_813
P0814,ST0814,Parent_814
P0815,ST0815,Parent_815
P0816,ST0816,Parent_816
P0817,ST0817,Parent_817
P0818,ST0818,Parent_818
P0819,ST0819,Parent_819
P0820,ST0820,Parent_820
P0821,ST0821,Parent_821
P0822,ST0822,Parent_822
P0823,ST0823,Parent_823
P0824,ST0824,Parent_824
P0825,ST0825,Parent_825
P0826,ST0826,Parent_826
P0827,ST0827,Parent_827
P0828,ST0828,Parent_828
P0829,ST0829,Parent_829
P0830,ST0830,Parent_830
P0831,ST0831,Parent_831
P0832,ST0832,Parent_832
P0833,ST0833,Parent_833
P0834,ST0834,Parent_834
P0835,ST0835,Parent_835
P0836,ST0836,Parent_836
P0837,ST0837,Parent_837
P0838,ST0838,Parent_838
P0839,ST0839,Parent_839
P0840,ST0840,Parent_840
P0841,ST0841,Parent_841
P0842,ST0842,Parent_842
P0843,ST0843,Parent_843
P0844,ST0844,Parent_844
P0845,ST0845,Parent_845
P0846,ST0846,Parent_846
P0847,ST0847,Parent_847
P0848,ST0848,Parent_848
P0849,ST0849,Parent_849
P0850,ST0850,Parent_850
P0851,ST0851,Parent_851
P0852,ST0852,Parent_852
P0853,ST0853,Parent_853
P0854,ST0854,Parent_854
P0855,ST0855,Parent_855
P0856,ST0856,Parent_856
P0857,ST0857,Parent_857
P0858,ST0858,Parent_858
P0859,ST0859,Parent_859
P0860,ST0860,Parent_860
P0861,ST0861,Parent_861
P0862,ST0862,Parent_862
P0863,ST0863,Parent_863
P0864,ST0864,Parent_864
P0865,ST0865,Parent_865
P0866,ST0866,Parent_866
P0867,ST0867,Parent_867
P0868,ST0868,Parent_868
P0869,ST0869,Parent_869
P0870,ST0870,Parent_870
P0871,ST0871,Parent_871
P0872,ST0872,Parent_872
P0873,ST0873,Parent_873
P0874,ST0874,Parent_874
P0875,ST0875,Parent_875
P0876,ST0876,Parent_876
P0877,ST0877,Parent_877
P0878,ST0878,Parent_878
P0879,ST0879,Parent_879
P0880,ST0880,Parent_880
P0881,ST0881,Parent_881
P0882,ST0882,Parent_882
P0883,ST0883,Parent_883
P0884,ST0884,Parent_884
P0885,ST0885,Parent_885
P0886,ST0886,Parent_886
P0887,ST0887,Parent_887
P0888,ST0888,Parent_888
P0889,ST0889,Parent_889
P0890,ST0890,Parent_890
P0891,ST0891,Parent_891
P0892,ST0892,Parent_892
P0893,ST0893,Parent_893
P0894,ST0894,Parent_894
P0895,ST0895,Parent_895
P0896,ST0896,Parent_896
P0897,ST0897,Parent_897
P0898,ST0898,Parent_898
P0899,ST0899,Parent_899
P0900,ST0900,Parent_900
P0901,ST0901,Parent_901
P0902,ST0902,Parent_902
P0903,ST0903,Parent_903
P0904,ST0904,Parent_904
P0905,ST0905,Parent_905
P0906,ST0906,Parent_906
P0907,ST0907,Parent_907
P0908,ST0908,Parent_908
P0909,ST0909,Parent_909
P0910,ST0910,Parent_910
P0911,ST0911,Parent_911
P0912,ST0912,Parent_912
P0913,ST0913,Parent_913
P0914,ST0914,Parent_914
P0915,ST0915,Parent_915
P0916,ST0916,Parent_916
P0917,ST0917,Parent_917
P0918,ST0918,Parent_918
P0919,ST0919,Parent_919
P0920,ST0920,Parent_920
P0921,ST0921,Parent_921
P0922,ST0922,Parent_922
P0923,ST0923,Parent_923
P0924,ST0924,Parent_924
P0925,ST0925,Parent_925
P0926,ST0926,Parent_926
P0927,ST0927,Parent_927
P0928,ST0928,Parent_928
P0929,ST0929,Parent_929
P0930,ST0930,Parent_930
P0931,ST0931,Parent_931
P0932,ST0932,Parent_932
P0933,ST0933,Parent_933
P0934,ST0934,Parent_934
P0935,ST0935,Parent_935
P0936,ST0936,Parent_936
P0937,ST0937,Parent_937
P0938,ST0938,Parent_938
P0939,ST0939,Parent_939
P0940,ST0940,Parent_940
P0941,ST0941,Parent_941
P0942,ST0942,Parent_942
P0943,ST0943,Parent_943
P0944,ST0944,Parent_944
P0945,ST0945,Parent_945
P0946,ST0946,Parent_946
P0947,ST0947,Parent_947
P0948,ST0948,Parent_948
P0949,ST0949,Parent_949
P0950,ST0950,Parent_950
P0951,ST0951,Parent_951
P0952,ST0952,Parent_952
P0953,ST0953,Parent_953
P0954,ST0954,Parent_954
P0955,ST0955,Parent_955
P0956,ST0956,Parent_956
P0957,ST0957,Parent_957
P0958,ST0958,Parent_958
P0959,ST0959,Parent_959
P0960,ST0960,Parent_960
P0961,ST0961,Parent_961
P0962,ST0962,Parent_962
P0963,ST0963,Parent_963
P0964,ST0964,Parent_964
P0965,ST0965,Parent_965
P0966,ST0966,Parent_966
P0967,ST0967,Parent_967
P0968,ST0968,Parent_968
P0969,ST0969,Parent_969
P0970,ST0970,Parent_970
P0971,ST0971,Parent_971
P0972,ST0972,Parent_972
P0973,ST0973,Parent_973
P0974,ST0974,Parent_974
P0975,ST0975,Parent_975
P0976,ST0976,Parent_976
P0977,ST0977,Parent_977
P0978,ST0978,Parent_978
P0979,ST0979,Parent_979
P0980,ST0980,Parent_980
P0981,ST0981,Parent_981
P0982,ST0982,Parent_982
P0983,ST0983,Parent_983
P0984,ST0984,Parent_984
P0985,ST0985,Parent_985
P0986,ST0986,Parent_986
P0987,ST0987,Parent_987
P0988,ST0988,Parent_988
P0989,ST0989,Parent_989
P0990,ST0990,Parent_990
P0991,ST0991,Parent_991
P0992,ST0992,Parent_992
P0993,ST0993,Parent_993
P0994,ST0994,Parent_994
P0995,ST0995,Parent_995
P0996,ST0996,Parent_996
P0997,ST0997,Parent_997
P0998,ST0998,Parent_998
P0999,ST0999,Parent_999
P1000,ST1000,Parent_1000
P1001,ST1001,Parent_1001
P1002,ST1002,Parent_1002
P1003,ST1003,Parent_1003
P1004,ST1004,Parent_1004
P1005,ST1005,Parent_1005
P1006,ST1006,Parent_1006
P1007,ST1007,Parent_1007
P1008,ST1008,Parent_1008
P1009,ST1009,Parent_1009
P1010,ST1010,Parent_1010
P1011,ST1011,Parent_1011
P1012,ST1012,Parent_1012
P1013,ST1013,Parent_1013
P1014,ST1014,Parent_1014
P1015,ST1015,Parent_1015
P1016,ST1016,Parent_1016
P1017,ST1017,Parent_1017
P1018,ST1018,Parent_1018
P1019,ST1019,Parent_1019
P1020,ST1020,Parent_1020
P1021,ST1021,Parent_1021
P1022,ST1022,Parent_1022
P1023,ST1023,Parent_1023
P1024,ST1024,Parent_1024
P1025,ST1025,Parent_1025
P1026,ST1026,Parent_1026
P1027,ST1027,Parent_1027
P1028,ST1028,Parent_1028
P1029,ST1029,Parent_1029
P1030,ST1030,Parent_1030
P1031,ST1031,Parent_1031
P1032,ST1032,Parent_1032
P1033,ST1033,Parent_1033
P1034,ST1034,Parent_1034
P1035,ST1035,Parent_1035
P1036,ST1036,Parent_1036
P1037,ST1037,Parent_1037
P1038,ST1038,Parent_1038
P1039,ST1039,Parent_1039
P1040,ST1040,Parent_1040
P1041,ST1041,Parent_1041
P1042,ST1042,Parent_1042
P1043,ST1043,Parent_1043
P1044,ST1044,Parent_1044
P1045,ST1045,Parent_1045
P1046,ST1046,Parent_1046
P1047,ST1047,Parent_1047
P1048,ST1048,Parent_1048
P1049,ST1049,Parent_1049
P1050,ST1050,Parent_1050
P1051,ST1051,Parent_1051
P1052,ST1052,Parent_1052
P1053,ST1053,Parent_1053
P1054,ST1054,Parent_1054
P1055,ST1055,Parent_1055
P1056,ST1056,Parent_1056
P1057,ST1057,Parent_1057
P1058,ST1058,Parent_1058
P1059,ST1059,Parent_1059
P1060,ST1060,Parent_1060
P1061,ST1061,Parent_1061
P1062,ST1062,Parent_1062
P1063,ST1063,Parent_1063
P1064,ST1064,Parent_1064
P1065,ST1065,Parent_1065
P1066,ST1066,Parent_1066
P1067,ST1067,Parent_1067
P1068,ST1068,Parent_1068
P1069,ST1069,Parent_1069
P1070,ST1070,Parent_1070
P1071,ST1071,Parent_1071
P1072,ST1072,Parent_1072
P1073,ST1073,Parent_1073
P1074,ST1074,Parent_1074
P1075,ST1075,Parent_1075
P1076,ST1076,Parent_1076
P1077,ST1077,Parent_1077
P1078,ST1078,Parent_1078
P1079,ST1079,Parent_1079
P1080,ST1080,Parent_1080
P1081,ST1081,Parent_1081
P1082,ST1082,Parent_1082
P1083,ST1083,Parent_1083
P1084,ST1084,Parent_1084
P1085,ST1085,Parent_1085
P1086,ST1086,Parent_1086
P1087,ST1087,Parent_1087
P1088,ST1088,Parent_1088
P1089,ST1089,Parent_1089
P1090,ST1090,Parent_1090
P1091,ST1091,Parent_1091
P1092,ST1092,Parent_1092
P1093,ST1093,Parent_1093
P1094,ST1094,Parent_1094
P1095,ST1095,Parent_1095
P1096,ST1096,Parent_1096
P1097,ST1097,Parent_1097
P1098,ST1098,Parent_1098
P1099,ST1099,Parent_1099
P1100,ST1100,Parent_1100
P1101,ST1101,Parent_1101
P1102,ST1102,Parent_1102
P1103,ST1103,Parent_1103
P1104,ST1104,Parent_1104
P1105,ST1105,Parent_1105
P1106,ST1106,Parent_1106
P1107,ST1107,Parent_1107
P1108,ST1108,Parent_1108
P1109,ST1109,Parent_1109
P1110,ST1110,Parent_1110
P1111,ST1111,Parent_1111
P1112,ST1112,Parent_1112
P1113,ST1113,Parent_1113
P1114,ST1114,Parent_1114
P1115,ST1115,Parent_1115
P1116,ST1116,Parent_1116
P1117,ST1117,Parent_1117
P1118,ST1118,Parent_1118
P1119,ST1119,Parent_1119
P1120,ST1120,Parent_1120
P1121,ST1121,Parent_1121
P1122,ST1122,Parent_1122
P1123,ST1123,Parent_1123
P1124,ST1124,Parent_1124
P1125,ST1125,Parent_1125
P1126,ST1126,Parent_1126
P1127,ST1127,Parent_1127
P1128,ST1128,Parent_1128
P1129,ST1129,Parent_1129
P1130,ST1130,Parent_1130
P1131,ST1131,Parent_1131
P1132,ST1132,Parent_1132
P1133,ST1133,Parent_1133
P1134,ST1134,Parent_1134
P1135,ST1135,Parent_1135
P1136,ST1136,Parent_1136
P1137,ST1137,Parent_1137
P1138,ST1138,Parent_1138
P1139,ST1139,Parent_1139
P1140,ST1140,Parent_1140
P1141,ST1141,Parent_1141
P1142,ST1142,Parent_1142
P1143,ST1143,Parent_1143
P1144,ST1144,Parent_1144
P1145,ST1145,Parent_1145
P1146,ST1146,Parent_1146
P1147,ST1147,Parent_1147
P1148,ST1148,Parent_1148
P1149,ST1149,Parent_1149
P1150,ST1150,Parent_1150
P1151,ST1151,Parent_1151
P1152,ST1152,Parent_1152
P1153,ST1153,Parent_1153
P1154,ST1154,Parent_1154
P1155,ST1155,Parent_1155
P1156,ST1156,Parent_1156
P1157,ST1157,Parent_1157
P1158,ST1158,Parent_1158
P1159,ST1159,Parent_1159
P1160,ST1160,Parent_1160
P1161,ST1161,Parent_1161
P1162,ST1162,Parent_1162
P1163,ST1163,Parent_1163
P1164,ST1164,Parent_1164
P1165,ST1165,Parent_1165
P1166,ST1166,Parent_1166
P1167,ST1167,Parent_1167
P1168,ST1168,Parent_1168
P1169,ST1169,Parent_1169
P1170,ST1170,Parent_1170
P1171,ST1171,Parent_1171
P1172,ST1172,Parent_1172
P1173,ST1173,Parent_1173
P1174,ST1174,Parent_1174
P1175,ST1175,Parent_1175
P1176,ST1176,Parent_1176
P1177,ST1177,Parent_1177
P1178,ST1178,Parent_1178
P1179,ST1179,Parent_1179
P1180,ST1180,Parent_1180
P1181,ST1181,Parent_1181
P1182,ST1182,Parent_1182
P1183,ST1183,Parent_1183
P1184,ST1184,Parent_1184
P1185,ST1185,Parent_1185
P1186,ST1186,Parent_1186
P1187,ST1187,Parent_1187
P1188,ST1188,Parent_1188
P1189,ST1189,Parent_1189
P1190,ST1190,Parent_1190
P1191,ST1191,Parent_1191
P1192,ST1192,Parent_1192
P1193,ST1193,Parent_1193
P1194,ST1194,Parent_1194
P1195,ST1195,Parent_1195
P1196,ST1196,Parent_1196
P1197,ST1197,Parent_1197
P1198,ST1198,Parent_1198
P1199,ST1199,Parent_1199
P1200,ST1200,Parent_1200
