student_id,amount,method,date
ST0001,40333,Card,2026-05-01
ST0002,21788,UPI,2026-05-01
ST0003,28402,Cash,2026-05-01
ST0004,20384,Cash,2026-05-01
ST0005,31354,UPI,2026-05-01
ST0006,28216,Card,2026-05-01
ST0007,29451,Card,2026-05-01
ST0008,46349,UPI,2026-05-01
ST0009,39882,UPI,2026-05-01
ST0010,36527,Card,2026-05-01
ST0011,31906,UPI,2026-05-01
ST0012,31096,Cash,2026-05-01
ST0013,22545,Card,2026-05-01
ST0014,43788,UPI,2026-05-01
ST0015,23229,UPI,2026-05-01
ST0016,33809,Card,2026-05-01
ST0017,27336,Card,2026-05-01
ST0018,43482,Cash,2026-05-01
ST0019,40076,Cash,2026-05-01
ST0020,25808,Cash,2026-05-01
ST0021,43135,Card,2026-05-01
ST0022,48738,Cash,2026-05-01
ST0023,37257,UPI,2026-05-01
ST0024,28236,UPI,2026-05-01
ST0025,36952,Cash,2026-05-01
ST0026,47235,Card,2026-05-01
ST0027,49293,UPI,2026-05-01
ST0028,35316,UPI,2026-05-01
ST0029,46347,Cash,2026-05-01
ST0030,42062,Card,2026-05-01
ST0031,42791,Cash,2026-05-01
ST0032,30477,Card,2026-05-01
ST0033,31747,Card,2026-05-01
ST0034,24081,Card,2026-05-01
ST0035,39700,Card,2026-05-01
ST0036,47696,Cash,2026-05-01
ST0037,24973,Cash,2026-05-01
ST0038,41262,Cash,2026-05-01
ST0039,25952,UPI,2026-05-01
ST0040,35999,UPI,2026-05-01
ST0041,22097,UPI,2026-05-01
ST0042,36320,UPI,2026-05-01
ST0043,38353,Cash,2026-05-01
ST0044,36895,Card,2026-05-01
ST0045,38672,Cash,2026-05-01
ST0046,49712,Cash,2026-05-01
ST0047,39895,UPI,2026-05-01
ST0048,23009,Card,2026-05-01
ST0049,33632,UPI,2026-05-01
ST0050,27627,Cash,2026-05-01
ST0051,41735,Card,2026-05-01
ST0052,32575,Card,2026-05-01
ST0053,29899,Cash,2026-05-01
ST0054,46028,Cash,2026-05-01
ST0055,26818,Card,2026-05-01
ST0056,23133,Cash,2026-05-01
ST0057,33642,Cash,2026-05-01
ST0058,49155,Cash,2026-05-01
ST0059,28675,Cash,2026-05-01
ST0060,45212,UPI,2026-05-01
ST0061,32295,Card,2026-05-01
ST0062,26298,UPI,2026-05-01
ST0063,37705,Card,2026-05-01
ST0064,43549,Card,2026-05-01
ST0065,49910,Card,2026-05-01
ST0066,35622,UPI,2026-05-01
ST0067,35724,Card,2026-05-01
ST0068,37481,Cash,2026-05-01
ST0069,34105,Card,2026-05-01
ST0070,28512,Cash,2026-05-01
ST0071,29306,UPI,2026-05-01
ST0072,43309,Card,2026-05-01
ST0073,43399,UPI,2026-05-01
ST0074,28338,Cash,2026-05-01
ST0075,20258,Card,2026-05-01
ST0076,40397,UPI,2026-05-01
ST0077,25679,Card,2026-05-01
ST0078,39379,Cash,2026-05-01
ST0079,31546,Cash,2026-05-01
ST0080,42211,Card,2026-05-01
ST0081,30074,Cash,2026-05-01
ST0082,32974,Card,2026-05-01
ST0083,48341,Cash,2026-05-01
ST0084,25162,Card,2026-05-01
ST0085,31740,Card,2026-05-01
ST0086,40638,UPI,2026-05-01
ST0087,39485,Card,2026-05-01
ST0088,22905,Cash,2026-05-01
ST0089,39175,Card,2026-05-01
ST0090,26950,Cash,2026-05-01
ST0091,41753,Cash,2026-05-01
ST0092,49549,UPI,2026-05-01
ST0093,36714,Card,2026-05-01
ST0094,23208,Card,2026-05-01
ST0095,39018,UPI,2026-05-01
ST0096,41319,Card,2026-05-01
ST0097,32497,Cash,2026-05-01
ST0098,25285,UPI,2026-05-01
ST0099,47648,Card,2026-05-01
ST0100,23983,Cash,2026-05-01
ST0101,21877,Cash,2026-05-01
ST0102,39661,Card,2026-05-01
ST0103,32893,Cash,2026-05-01
ST0104,46538,Card,2026-05-01
ST0105,48132,Card,2026-05-01
ST0106,33513,Cash,2026-05-01
ST0107,25891,UPI,2026-05-01
ST0108,27065,Cash,2026-05-01
ST0109,45464,UPI,2026-05-01
ST0110,25388,Cash,2026-05-01
ST0111,40704,Card,2026-05-01
ST0112,25992,Card,2026-05-01
ST0113,31442,Cash,2026-05-01
ST0114,28629,Card,2026-05-01
ST0115,44131,UPI,2026-05-01
ST0116,35370,Card,2026-05-01
ST0117,39526,Card,2026-05-01
ST0118,23056,UPI,2026-05-01
ST0119,41736,Cash,2026-05-01
ST0120,30571,Card,2026-05-01
ST0121,31378,Cash,2026-05-01
ST0122,34109,Card,2026-05-01
ST0123,21869,Card,2026-05-01
ST0124,41483,Card,2026-05-01
ST0125,24161,Cash,2026-05-01
ST0126,33563,Card,2026-05-01
ST0127,45727,Card,2026-05-01
ST0128,23960,Cash,2026-05-01
ST0129,35430,Cash,2026-05-01
ST0130,43045,Cash,2026-05-01
ST0131,26123,Card,2026-05-01
ST0132,38621,Cash,2026-05-01
ST0133,27336,Cash,2026-05-01
ST0134,39457,UPI,2026-05-01
ST0135,25401,Card,2026-05-01
ST0136,30646,Card,2026-05-01
ST0137,33461,Card,2026-05-01
ST0138,34576,UPI,2026-05-01
ST0139,43101,Card,2026-05-01
ST0140,44799,UPI,2026-05-01
ST0141,29434,UPI,2026-05-01
ST0142,21222,UPI,2026-05-01
ST0143,30517,UPI,2026-05-01
ST0144,48813,Cash,2026-05-01
ST0145,31324,Card,2026-05-01
ST0146,28709,Card,2026-05-01
ST0147,20147,Cash,2026-05-01
ST0148,34693,Cash,2026-05-01
ST0149,46414,Cash,2026-05-01
ST0150,36844,UPI,2026-05-01
ST0151,30670,UPI,2026-05-01
ST0152,29539,Card,2026-05-01
ST0153,29199,UPI,2026-05-01
ST0154,25835,Cash,2026-05-01
ST0155,47317,Card,2026-05-01
ST0156,22429,Card,2026-05-01
ST0157,26803,Card,2026-05-01
ST0158,30513,Card,2026-05-01
ST0159,30131,UPI,2026-05-01
ST0160,31047,UPI,2026-05-01
ST0161,43354,Cash,2026-05-01
ST0162,20904,Cash,2026-05-01
ST0163,21497,UPI,2026-05-01
ST0164,30483,Cash,2026-05-01
ST0165,46370,UPI,2026-05-01
ST0166,40843,Cash,2026-05-01
ST0167,40341,Cash,2026-05-01
ST0168,46112,UPI,2026-05-01
ST0169,41068,Card,2026-05-01
ST0170,40290,UPI,2026-05-01
ST0171,49399,Card,2026-05-01
ST0172,42572,Cash,2026-05-01
ST0173,41352,UPI,2026-05-01
ST0174,41475,Cash,2026-05-01
ST0175,49835,Card,2026-05-01
ST0176,31138,Cash,2026-05-01
ST0177,43246,Cash,2026-05-01
ST0178,49589,Card,2026-05-01
ST0179,35917,Card,2026-05-01
ST0180,36650,Card,2026-05-01
ST0181,47599,Cash,2026-05-01
ST0182,24658,UPI,2026-05-01
ST0183,27137,UPI,2026-05-01
ST0184,46726,Card,2026-05-01
ST0185,48842,UPI,2026-05-01
ST0186,34972,Card,2026-05-01
ST0187,49838,Cash,2026-05-01
ST0188,24217,Cash,2026-05-01
ST0189,42031,UPI,2026-05-01
ST0190,39259,Cash,2026-05-01
ST0191,35864,UPI,2026-05-01
ST0192,35700,UPI,2026-05-01
ST0193,23281,UPI,2026-05-01
ST0194,33413,UPI,2026-05-01
ST0195,46043,Cash,2026-05-01
ST0196,22085,UPI,2026-05-01
ST0197,43055,UPI,2026-05-01
ST0198,27319,Card,2026-05-01
ST0199,31050,Cash,2026-05-01
ST0200,44998,Cash,2026-05-01
ST0201,35602,Cash,2026-05-01
ST0202,33715,Cash,2026-05-01
ST0203,45618,UPI,2026-05-01
ST0204,26583,UPI,2026-05-01
ST0205,20921,Card,2026-05-01
ST0206,40996,Card,2026-05-01
ST0207,22332,Card,2026-05-01
ST0208,44117,UPI,2026-05-01
ST0209,27350,Cash,2026-05-01
ST0210,35483,Cash,2026-05-01
ST0211,45819,UPI,2026-05-01
ST0212,29631,Cash,2026-05-01
ST0213,20304,Card,2026-05-01
ST0214,40478,Cash,2026-05-01
ST0215,35951,UPI,2026-05-01
ST0216,39196,Cash,2026-05-01
ST0217,36892,Card,2026-05-01
ST0218,38373,UPI,2026-05-01
ST0219,42591,Cash,2026-05-01
ST0220,46518,UPI,2026-05-01
ST0221,45761,Cash,2026-05-01
ST0222,32404,Card,2026-05-01
ST0223,35693,UPI,2026-05-01
ST0224,31951,Cash,2026-05-01
ST0225,21827,Cash,2026-05-01
ST0226,47501,UPI,2026-05-01
ST0227,22523,UPI,2026-05-01
ST0228,32851,Card,2026-05-01
ST0229,22414,UPI,2026-05-01
ST0230,25445,Card,2026-05-01
ST0231,32344,UPI,2026-05-01
ST0232,42604,UPI,2026-05-01
ST0233,33988,Card,2026-05-01
ST0234,44332,Card,2026-05-01
ST0235,43039,Card,2026-05-01
ST0236,44392,Card,2026-05-01
ST0237,42271,Card,2026-05-01
ST0238,40856,UPI,2026-05-01
ST0239,22928,Cash,2026-05-01
ST0240,33896,Card,2026-05-01
ST0241,20022,UPI,2026-05-01
ST0242,40603,UPI,2026-05-01
ST0243,27508,Card,2026-05-01
ST0244,37868,Card,2026-05-01
ST0245,24543,Card,2026-05-01
ST0246,29530,UPI,2026-05-01
ST0247,44365,Cash,2026-05-01
ST0248,49269,Card,2026-05-01
ST0249,48012,UPI,2026-05-01
ST0250,27366,UPI,2026-05-01
ST0251,49970,UPI,2026-05-01
ST0252,44787,UPI,2026-05-01
ST0253,34068,UPI,2026-05-01
ST0254,44697,UPI,2026-05-01
ST0255,30638,Cash,2026-05-01
ST0256,25581,Cash,2026-05-01
ST0257,30140,UPI,2026-05-01
ST0258,43095,UPI,2026-05-01
ST0259,39385,Card,2026-05-01
ST0260,26771,Cash,2026-05-01
ST0261,32696,Cash,2026-05-01
ST0262,27000,Cash,2026-05-01
ST0263,35463,UPI,2026-05-01
ST0264,30707,Card,2026-05-01
ST0265,30245,Card,2026-05-01
ST0266,22251,Card,2026-05-01
ST0267,31748,Card,2026-05-01
ST0268,31481,Card,2026-05-01
ST0269,42968,UPI,2026-05-01
ST0270,36074,Card,2026-05-01
ST0271,44895,UPI,2026-05-01
ST0272,28831,Card,2026-05-01
ST0273,26455,UPI,2026-05-01
ST0274,34216,Card,2026-05-01
ST0275,29784,Cash,2026-05-01
ST0276,24127,Cash,2026-05-01
ST0277,22399,UPI,2026-05-01
ST0278,29007,UPI,2026-05-01
ST0279,37189,Card,2026-05-01
ST0280,21456,UPI,2026-05-01
ST0281,38806,Card,2026-05-01
ST0282,22105,UPI,2026-05-01
ST0283,41274,UPI,2026-05-01
ST0284,36588,Cash,2026-05-01
ST0285,23541,Card,2026-05-01
ST0286,21026,Cash,2026-05-01
ST0287,24382,Cash,2026-05-01
ST0288,24734,Cash,2026-05-01
ST0289,33456,Card,2026-05-01
ST0290,44121,Cash,2026-05-01
ST0291,24920,Card,2026-05-01
ST0292,49134,Card,2026-05-01
ST0293,45752,UPI,2026-05-01
ST0294,41582,UPI,2026-05-01
ST0295,46796,Card,2026-05-01
ST0296,47510,Card,2026-05-01
ST0297,35197,Card,2026-05-01
ST0298,21619,Card,2026-05-01
ST0299,29682,Cash,2026-05-01
ST0300,27950,Cash,2026-05-01
ST0301,34599,Cash,2026-05-01
ST0302,39118,Card,2026-05-01
ST0303,38956,UPI,2026-05-01
ST0304,47515,Cash,2026-05-01
ST0305,23280,UPI,2026-05-01
ST0306,38642,Card,2026-05-01
ST0307,44076,Card,2026-05-01
ST0308,35735,Cash,2026-05-01
ST0309,35018,UPI,2026-05-01
ST0310,38857,UPI,2026-05-01
ST0311,42688,Cash,2026-05-01
ST0312,35668,Card,2026-05-01
ST0313,45416,Card,2026-05-01
ST0314,23525,UPI,2026-05-01
ST0315,31250,Card,2026-05-01
ST0316,33800,Card,2026-05-01
ST0317,43599,Card,2026-05-01
ST0318,25344,Cash,2026-05-01
ST0319,44611,UPI,2026-05-01
ST0320,21253,UPI,2026-05-01
ST0321,47035,Card,2026-05-01
ST0322,41071,Card,2026-05-01
ST0323,48400,Cash,2026-05-01
ST0324,28813,Cash,2026-05-01
ST0325,49419,UPI,2026-05-01
ST0326,39464,Cash,2026-05-01
ST0327,44880,Card,2026-05-01
ST0328,28994,Card,2026-05-01
ST0329,30512,Card,2026-05-01
ST0330,44438,UPI,2026-05-01
ST0331,29641,Card,2026-05-01
ST0332,42164,Card,2026-05-01
ST0333,44506,Card,2026-05-01
ST0334,30794,Cash,2026-05-01
ST0335,28808,UPI,2026-05-01
ST0336,49366,Card,2026-05-01
ST0337,22129,Cash,2026-05-01
ST0338,39608,Cash,2026-05-01
ST0339,28526,Cash,2026-05-01
ST0340,20574,Card,2026-05-01
ST0341,29143,Card,2026-05-01
ST0342,47542,UPI,2026-05-01
ST0343,31376,Cash,2026-05-01
ST0344,32726,UPI,2026-05-01
ST0345,37344,UPI,2026-05-01
ST0346,38445,UPI,2026-05-01
ST0347,41854,UPI,2026-05-01
ST0348,22845,Cash,2026-05-01
ST0349,41208,UPI,2026-05-01
ST0350,48737,Cash,2026-05-01
ST0351,27208,Card,2026-05-01
ST0352,41970,Cash,2026-05-01
ST0353,49433,Card,2026-05-01
ST0354,29170,Cash,2026-05-01
ST0355,43845,Cash,2026-05-01
ST0356,20764,Cash,2026-05-01
ST0357,24501,Card,2026-05-01
ST0358,30220,UPI,2026-05-01
ST0359,43891,Cash,2026-05-01
ST0360,39377,Card,2026-05-01
ST0361,22955,Card,2026-05-01
ST0362,39150,UPI,2026-05-01
ST0363,28217,Cash,2026-05-01
ST0364,41757,UPI,2026-05-01
ST0365,41719,Card,2026-05-01
ST0366,44374,Cash,2026-05-01
ST0367,45173,UPI,2026-05-01
ST0368,25461,UPI,2026-05-01
ST0369,37761,Cash,2026-05-01
ST0370,48257,Card,2026-05-01
ST0371,21303,Cash,2026-05-01
ST0372,48013,Card,2026-05-01
ST0373,28161,Cash,2026-05-01
ST0374,42794,UPI,2026-05-01
ST0375,40314,Cash,2026-05-01
ST0376,22488,Cash,2026-05-01
ST0377,21499,Card,2026-05-01
ST0378,49828,UPI,2026-05-01
ST0379,42109,UPI,2026-05-01
ST0380,47414,Card,2026-05-01
ST0381,36407,Card,2026-05-01
ST0382,29339,Cash,2026-05-01
ST0383,29860,Card,2026-05-01
ST0384,26233,UPI,2026-05-01
ST0385,39051,Cash,2026-05-01
ST0386,37875,Cash,2026-05-01
ST0387,22026,UPI,2026-05-01
ST0388,44173,Card,2026-05-01
ST0389,45625,Card,2026-05-01
ST0390,43168,UPI,2026-05-01
ST0391,37887,UPI,2026-05-01
ST0392,29704,Card,2026-05-01
ST0393,40075,Card,2026-05-01
ST0394,24532,UPI,2026-05-01
ST0395,30574,Cash,2026-05-01
ST0396,24914,UPI,2026-05-01
ST0397,33972,Cash,2026-05-01
ST0398,39832,Card,2026-05-01
ST0399,40522,UPI,2026-05-01
ST0400,25487,UPI,2026-05-01
ST0401,43762,Cash,2026-05-01
ST0402,38191,Card,2026-05-01
ST0403,47013,Card,2026-05-01
ST0404,24328,UPI,2026-05-01
ST0405,40988,Cash,2026-05-01
ST0406,36827,Cash,2026-05-01
ST0407,29678,Cash,2026-05-01
ST0408,37206,UPI,2026-05-01
ST0409,29321,Card,2026-05-01
ST0410,49469,Cash,2026-05-01
ST0411,33879,UPI,2026-05-01
ST0412,28191,UPI,2026-05-01
ST0413,36783,Cash,2026-05-01
ST0414,39305,Card,2026-05-01
ST0415,21261,Card,2026-05-01
ST0416,39012,Card,2026-05-01
ST0417,44672,Cash,2026-05-01
ST0418,21248,Cash,2026-05-01
ST0419,31613,Card,2026-05-01
ST0420,40785,Cash,2026-05-01
ST0421,30755,UPI,2026-05-01
ST0422,31835,Card,2026-05-01
ST0423,39066,UPI,2026-05-01
ST0424,49392,Cash,2026-05-01
ST0425,24862,UPI,2026-05-01
ST0426,49258,Card,2026-05-01
ST0427,25400,Cash,2026-05-01
ST0428,47365,UPI,2026-05-01
ST0429,47819,Card,2026-05-01
ST0430,20792,Cash,2026-05-01
ST0431,29222,Cash,2026-05-01
ST0432,23042,Cash,2026-05-01
ST0433,31895,Cash,2026-05-01
ST0434,27206,Card,2026-05-01
ST0435,40710,UPI,2026-05-01
ST0436,47970,Cash,2026-05-01
ST0437,21527,Cash,2026-05-01
ST0438,48860,UPI,2026-05-01
ST0439,40579,Cash,2026-05-01
ST0440,30992,UPI,2026-05-01
ST0441,24734,Cash,2026-05-01
ST0442,48763,UPI,2026-05-01
ST0443,41416,UPI,2026-05-01
ST0444,33272,UPI,2026-05-01
ST0445,25484,Card,2026-05-01
ST0446,48782,Cash,2026-05-01
ST0447,30036,Cash,2026-05-01
ST0448,29948,UPI,2026-05-01
ST0449,35023,Card,2026-05-01
ST0450,47604,Card,2026-05-01
ST0451,31877,UPI,2026-05-01
ST0452,21050,Cash,2026-05-01
ST0453,37991,Card,2026-05-01
ST0454,46116,UPI,2026-05-01
ST0455,28070,UPI,2026-05-01
ST0456,44097,Cash,2026-05-01
ST0457,48936,UPI,2026-05-01
ST0458,24195,Card,2026-05-01
ST0459,37234,UPI,2026-05-01
ST0460,22901,Card,2026-05-01
ST0461,29315,Card,2026-05-01
ST0462,30799,Card,2026-05-01
ST0463,44064,UPI,2026-05-01
ST0464,47587,Card,2026-05-01
ST0465,40812,Card,2026-05-01
ST0466,44197,UPI,2026-05-01
ST0467,46320,UPI,2026-05-01
ST0468,38236,UPI,2026-05-01
ST0469,31106,UPI,2026-05-01
ST0470,23831,UPI,2026-05-01
ST0471,30515,Cash,2026-05-01
ST0472,33411,Cash,2026-05-01
ST0473,40628,UPI,2026-05-01
ST0474,46983,UPI,2026-05-01
ST0475,28654,Cash,2026-05-01
ST0476,35139,Cash,2026-05-01
ST0477,35862,UPI,2026-05-01
ST0478,28958,Cash,2026-05-01
ST0479,21193,Card,2026-05-01
ST0480,20074,UPI,2026-05-01
ST0481,40781,Cash,2026-05-01
ST0482,34203,Card,2026-05-01
ST0483,25302,Card,2026-05-01
ST0484,21273,Cash,2026-05-01
ST0485,35029,UPI,2026-05-01
ST0486,34399,Card,2026-05-01
ST0487,20797,UPI,2026-05-01
ST0488,41641,Card,2026-05-01
ST0489,23236,Card,2026-05-01
ST0490,37536,UPI,2026-05-01
ST0491,23399,Cash,2026-05-01
ST0492,26059,Cash,2026-05-01
ST0493,42522,Card,2026-05-01
ST0494,39990,Card,2026-05-01
ST0495,43591,Card,2026-05-01
ST0496,36427,UPI,2026-05-01
ST0497,43949,Cash,2026-05-01
ST0498,29560,UPI,2026-05-01
ST0499,39218,Card,2026-05-01
ST0500,26674,Cash,2026-05-01
ST0501,32401,UPI,2026-05-01
ST0502,23801,Card,2026-05-01
ST0503,22012,UPI,2026-05-01
ST0504,21349,Cash,2026-05-01
ST0505,42513,Card,2026-05-01
ST0506,27919,Cash,2026-05-01
ST0507,34124,UPI,2026-05-01
ST0508,48430,UPI,2026-05-01
ST0509,30847,Cash,2026-05-01
ST0510,35510,Cash,2026-05-01
ST0511,30089,UPI,2026-05-01
ST0512,39840,UPI,2026-05-01
ST0513,38102,Card,2026-05-01
ST0514,33158,Cash,2026-05-01
ST0515,31364,Card,2026-05-01
ST0516,43183,UPI,2026-05-01
ST0517,31220,UPI,2026-05-01
ST0518,24922,UPI,2026-05-01
ST0519,30816,UPI,2026-05-01
ST0520,39951,UPI,2026-05-01
ST0521,35449,Card,2026-05-01
ST0522,41321,UPI,2026-05-01
ST0523,47310,Card,2026-05-01
ST0524,21246,UPI,2026-05-01
ST0525,22089,UPI,2026-05-01
ST0526,44532,Cash,2026-05-01
ST0527,45701,UPI,2026-05-01
ST0528,41860,Card,2026-05-01
ST0529,41970,Cash,2026-05-01
ST0530,28297,UPI,2026-05-01
ST0531,20729,Cash,2026-05-01
ST0532,25225,UPI,2026-05-01
ST0533,23459,Cash,2026-05-01
ST0534,46269,UPI,2026-05-01
ST0535,25090,UPI,2026-05-01
ST0536,36238,Card,2026-05-01
ST0537,24014,Cash,2026-05-01
ST0538,32730,Card,2026-05-01
ST0539,46741,UPI,2026-05-01
ST0540,48430,Card,2026-05-01
ST0541,30766,Card,2026-05-01
ST0542,43564,UPI,2026-05-01
ST0543,47641,Cash,2026-05-01
ST0544,43304,Cash,2026-05-01
ST0545,36334,Card,2026-05-01
ST0546,22636,Card,2026-05-01
ST0547,32646,Card,2026-05-01
ST0548,43621,UPI,2026-05-01
ST0549,31707,Cash,2026-05-01
ST0550,20605,Card,2026-05-01
ST0551,32075,Cash,2026-05-01
ST0552,43996,UPI,2026-05-01
ST0553,35256,Cash,2026-05-01
ST0554,46222,Card,2026-05-01
ST0555,32853,Card,2026-05-01
ST0556,22460,Cash,2026-05-01
ST0557,46464,UPI,2026-05-01
ST0558,38905,Cash,2026-05-01
ST0559,35376,Cash,2026-05-01
ST0560,48459,UPI,2026-05-01
ST0561,36155,Card,2026-05-01
ST0562,45522,Cash,2026-05-01
ST0563,43110,Cash,2026-05-01
ST0564,35317,Cash,2026-05-01
ST0565,21476,Card,2026-05-01
ST0566,30326,UPI,2026-05-01
ST0567,26785,Card,2026-05-01
ST0568,31445,Card,2026-05-01
ST0569,41992,Cash,2026-05-01
ST0570,45953,UPI,2026-05-01
ST0571,22287,Card,2026-05-01
ST0572,26526,UPI,2026-05-01
ST0573,33822,UPI,2026-05-01
ST0574,26507,Card,2026-05-01
ST0575,47675,Card,2026-05-01
ST0576,30124,UPI,2026-05-01
ST0577,45258,UPI,2026-05-01
ST0578,31488,Card,2026-05-01
ST0579,38838,Card,2026-05-01
ST0580,35429,Cash,2026-05-01
ST0581,37347,UPI,2026-05-01
ST0582,38595,Cash,2026-05-01
ST0583,21742,Cash,2026-05-01
ST0584,38607,Cash,2026-05-01
ST0585,42128,Card,2026-05-01
ST0586,42585,Card,2026-05-01
ST0587,37537,Cash,2026-05-01
ST0588,45098,Cash,2026-05-01
ST0589,28819,Card,2026-05-01
ST0590,46941,UPI,2026-05-01
ST0591,41865,Cash,2026-05-01
ST0592,28325,Cash,2026-05-01
ST0593,33789,Cash,2026-05-01
ST0594,23666,UPI,2026-05-01
ST0595,29307,Card,2026-05-01
ST0596,30777,Cash,2026-05-01
ST0597,22399,Cash,2026-05-01
ST0598,30015,Cash,2026-05-01
ST0599,40872,UPI,2026-05-01
ST0600,31074,Card,2026-05-01
ST0601,35405,Card,2026-05-01
ST0602,46558,Cash,2026-05-01
ST0603,42074,Card,2026-05-01
ST0604,34497,Cash,2026-05-01
ST0605,34700,Cash,2026-05-01
ST0606,29335,UPI,2026-05-01
ST0607,32071,UPI,2026-05-01
ST0608,38825,UPI,2026-05-01
ST0609,42982,Card,2026-05-01
ST0610,24202,UPI,2026-05-01
ST0611,45700,Cash,2026-05-01
ST0612,29749,Card,2026-05-01
ST0613,21903,Card,2026-05-01
ST0614,27377,Card,2026-05-01
ST0615,23658,Cash,2026-05-01
ST0616,29807,Cash,2026-05-01
ST0617,45419,Card,2026-05-01
ST0618,22366,Card,2026-05-01
ST0619,44586,Cash,2026-05-01
ST0620,40506,Card,2026-05-01
ST0621,40293,Cash,2026-05-01
ST0622,49027,Card,2026-05-01
ST0623,24456,UPI,2026-05-01
ST0624,31806,Card,2026-05-01
ST0625,43651,Cash,2026-05-01
ST0626,29824,UPI,2026-05-01
ST0627,24718,UPI,2026-05-01
ST0628,25450,UPI,2026-05-01
ST0629,46509,Card,2026-05-01
ST0630,45695,UPI,2026-05-01
ST0631,28211,Card,2026-05-01
ST0632,39288,UPI,2026-05-01
ST0633,41650,UPI,2026-05-01
ST0634,23506,Card,2026-05-01
ST0635,22825,UPI,2026-05-01
ST0636,22742,Cash,2026-05-01
ST0637,46052,Card,2026-05-01
ST0638,37380,Card,2026-05-01
ST0639,24647,UPI,2026-05-01
ST0640,29276,Card,2026-05-01
ST0641,42328,UPI,2026-05-01
ST0642,41140,UPI,2026-05-01
ST0643,25239,Cash,2026-05-01
ST0644,47883,UPI,2026-05-01
ST0645,45758,Card,2026-05-01
ST0646,37186,UPI,2026-05-01
ST0647,43488,UPI,2026-05-01
ST0648,37970,Card,2026-05-01
ST0649,22379,UPI,2026-05-01
ST0650,46333,Card,2026-05-01
ST0651,36358,Cash,2026-05-01
ST0652,39255,Card,2026-05-01
ST0653,26996,Card,2026-05-01
ST0654,39454,UPI,2026-05-01
ST0655,24249,UPI,2026-05-01
ST0656,37072,Cash,2026-05-01
ST0657,49071,Cash,2026-05-01
ST0658,47983,UPI,2026-05-01
ST0659,40313,Card,2026-05-01
ST0660,23936,Cash,2026-05-01
ST0661,32304,Card,2026-05-01
ST0662,35490,Cash,2026-05-01
ST0663,24703,Card,2026-05-01
ST0664,48536,UPI,2026-05-01
ST0665,35841,UPI,2026-05-01
ST0666,47785,UPI,2026-05-01
ST0667,21319,Card,2026-05-01
ST0668,45878,Card,2026-05-01
ST0669,37474,Card,2026-05-01
ST0670,35218,Card,2026-05-01
ST0671,37076,Card,2026-05-01
ST0672,32820,Card,2026-05-01
ST0673,26439,Cash,2026-05-01
ST0674,46192,Cash,2026-05-01
ST0675,38209,Cash,2026-05-01
ST0676,22624,Cash,2026-05-01
ST0677,42328,Cash,2026-05-01
ST0678,38808,Cash,2026-05-01
ST0679,46467,Card,2026-05-01
ST0680,48915,Card,2026-05-01
ST0681,34759,UPI,2026-05-01
ST0682,20510,Cash,2026-05-01
ST0683,36617,UPI,2026-05-01
ST0684,38602,Card,2026-05-01
ST0685,28909,Cash,2026-05-01
ST0686,22663,Cash,2026-05-01
ST0687,47933,UPI,2026-05-01
ST0688,23958,UPI,2026-05-01
ST0689,46670,Cash,2026-05-01
ST0690,35327,Cash,2026-05-01
ST0691,32184,Cash,2026-05-01
ST0692,36410,Card,2026-05-01
ST0693,32882,UPI,2026-05-01
ST0694,33080,UPI,2026-05-01
ST0695,31574,UPI,2026-05-01
ST0696,39756,Card,2026-05-01
ST0697,49756,Card,2026-05-01
ST0698,20858,Cash,2026-05-01
ST0699,47876,Cash,2026-05-01
ST0700,28196,Card,2026-05-01
ST0701,25124,Cash,2026-05-01
ST0702,34429,UPI,2026-05-01
ST0703,28070,Cash,2026-05-01
ST0704,30595,Cash,2026-05-01
ST0705,31872,UPI,2026-05-01
ST0706,25905,Card,2026-05-01
ST0707,49588,UPI,2026-05-01
ST0708,27777,Card,2026-05-01
ST0709,45212,UPI,2026-05-01
ST0710,21581,Cash,2026-05-01
ST0711,38602,Cash,2026-05-01
ST0712,28011,Card,2026-05-01
ST0713,28196,Card,2026-05-01
ST0714,26486,UPI,2026-05-01
ST0715,46171,Card,2026-05-01
ST0716,31876,Cash,2026-05-01
ST0717,34534,Card,2026-05-01
ST0718,37128,UPI,2026-05-01
ST0719,48503,Card,2026-05-01
ST0720,30023,UPI,2026-05-01
ST0721,23966,Cash,2026-05-01
ST0722,35529,UPI,2026-05-01
ST0723,41057,UPI,2026-05-01
ST0724,40907,Cash,2026-05-01
ST0725,34119,UPI,2026-05-01
ST0726,22557,UPI,2026-05-01
ST0727,23626,Card,2026-05-01
ST0728,41542,Card,2026-05-01
ST0729,33538,Card,2026-05-01
ST0730,32694,UPI,2026-05-01
ST0731,48390,Cash,2026-05-01
ST0732,28665,UPI,2026-05-01
ST0733,40367,Card,2026-05-01
ST0734,34339,Card,2026-05-01
ST0735,47666,Card,2026-05-01
ST0736,43250,Card,2026-05-01
ST0737,30460,UPI,2026-05-01
ST0738,29882,Cash,2026-05-01
ST0739,48573,Card,2026-05-01
ST0740,21511,Cash,2026-05-01
ST0741,31914,Cash,2026-05-01
ST0742,42741,Cash,2026-05-01
ST0743,30716,UPI,2026-05-01
ST0744,36459,Card,2026-05-01
ST0745,36936,Cash,2026-05-01
ST0746,38093,UPI,2026-05-01
ST0747,44239,Card,2026-05-01
ST0748,29023,Cash,2026-05-01
ST0749,42427,UPI,2026-05-01
ST0750,47429,Card,2026-05-01
ST0751,22260,UPI,2026-05-01
ST0752,32938,UPI,2026-05-01
ST0753,29213,Card,2026-05-01
ST0754,26079,Cash,2026-05-01
ST0755,25502,Cash,2026-05-01
ST0756,33775,Cash,2026-05-01
ST0757,46945,Card,2026-05-01
ST0758,37960,UPI,2026-05-01
ST0759,28453,Card,2026-05-01
ST0760,28609,UPI,2026-05-01
ST0761,32934,Card,2026-05-01
ST0762,28685,UPI,2026-05-01
ST0763,49972,UPI,2026-05-01
ST0764,40623,Cash,2026-05-01
ST0765,34938,Cash,2026-05-01
ST0766,34531,UPI,2026-05-01
ST0767,29742,Cash,2026-05-01
ST0768,23787,Card,2026-05-01
ST0769,37184,UPI,2026-05-01
ST0770,27419,Card,2026-05-01
ST0771,29580,Cash,2026-05-01
ST0772,29343,Cash,2026-05-01
ST0773,35167,UPI,2026-05-01
ST0774,39157,UPI,2026-05-01
ST0775,32407,Cash,2026-05-01
ST0776,33080,Cash,2026-05-01
ST0777,41230,Card,2026-05-01
ST0778,45340,Cash,2026-05-01
ST0779,44612,Cash,2026-05-01
ST0780,48252,Cash,2026-05-01
ST0781,45748,UPI,2026-05-01
ST0782,42389,UPI,2026-05-01
ST0783,42359,Card,2026-05-01
ST0784,26449,Card,2026-05-01
ST0785,29540,Card,2026-05-01
ST0786,43512,UPI,2026-05-01
ST0787,22162,Cash,2026-05-01
ST0788,47629,Cash,2026-05-01
ST0789,39891,UPI,2026-05-01
ST0790,35506,Card,2026-05-01
ST0791,48612,UPI,2026-05-01
ST0792,44819,Card,2026-05-01
ST0793,27769,Cash,2026-05-01
ST0794,41493,Card,2026-05-01
ST0795,48434,Cash,2026-05-01
ST0796,40164,Cash,2026-05-01
ST0797,22887,UPI,2026-05-01
ST0798,20403,Card,2026-05-01
ST0799,27931,Cash,2026-05-01
ST0800,36610,Cash,2026-05-01
ST0801,46486,Cash,2026-05-01
ST0802,39059,Cash,2026-05-01
ST0803,29599,Card,2026-05-01
ST0804,43505,UPI,2026-05-01
ST0805,33124,Cash,2026-05-01
ST0806,44415,UPI,2026-05-01
ST0807,34710,UPI,2026-05-01
ST0808,22269,UPI,2026-05-01
ST0809,31142,Cash,2026-05-01
ST0810,20262,Cash,2026-05-01
ST0811,49258,Cash,2026-05-01
ST0812,31632,Card,2026-05-01
ST0813,45827,UPI,2026-05-01
ST0814,22508,Card,2026-05-01
ST0815,48460,Cash,2026-05-01
ST0816,30345,UPI,2026-05-01
ST0817,20502,UPI,2026-05-01
ST0818,34153,Cash,2026-05-01
ST0819,25326,Card,2026-05-01
ST0820,25622,Card,2026-05-01
ST0821,37750,Cash,2026-05-01
ST0822,26988,Cash,2026-05-01
ST0823,32781,UPI,2026-05-01
ST0824,48408,UPI,2026-05-01
ST0825,21563,UPI,2026-05-01
ST0826,42304,UPI,2026-05-01
ST0827,39195,Cash,2026-05-01
ST0828,41764,Cash,2026-05-01
ST0829,22627,UPI,2026-05-01
ST0830,28568,Cash,2026-05-01
ST0831,38761,UPI,2026-05-01
ST0832,27055,Cash,2026-05-01
ST0833,29293,Cash,2026-05-01
ST0834,31328,Card,2026-05-01
ST0835,40596,Cash,2026-05-01
ST0836,25958,Cash,2026-05-01
ST0837,27707,Cash,2026-05-01
ST0838,30981,Cash,2026-05-01
ST0839,45120,Cash,2026-05-01
ST0840,44723,UPI,2026-05-01
ST0841,23022,UPI,2026-05-01
ST0842,42921,UPI,2026-05-01
ST0843,48992,Cash,2026-05-01
ST0844,26481,Card,2026-05-01
ST0845,45094,Cash,2026-05-01
ST0846,42207,Cash,2026-05-01
ST0847,20869,Card,2026-05-01
ST0848,38547,Cash,2026-05-01
ST0849,29966,Cash,2026-05-01
ST0850,45724,Cash,2026-05-01
ST0851,45900,UPI,2026-05-01
ST0852,31410,UPI,2026-05-01
ST0853,20890,Cash,2026-05-01
ST0854,23473,UPI,2026-05-01
ST0855,40111,Card,2026-05-01
ST0856,47313,Card,2026-05-01
ST0857,29060,Cash,2026-05-01
ST0858,41331,Cash,2026-05-01
ST0859,37792,UPI,2026-05-01
ST0860,20548,UPI,2026-05-01
ST0861,34551,Cash,2026-05-01
ST0862,26131,UPI,2026-05-01
ST0863,33570,UPI,2026-05-01
ST0864,28940,UPI,2026-05-01
ST0865,34300,Card,2026-05-01
ST0866,37064,Cash,2026-05-01
ST0867,46748,Cash,2026-05-01
ST0868,35614,UPI,2026-05-01
ST0869,35570,UPI,2026-05-01
ST0870,40281,Cash,2026-05-01
ST0871,41511,UPI,2026-05-01
ST0872,23812,Card,2026-05-01
ST0873,29978,Cash,2026-05-01
ST0874,41196,Card,2026-05-01
ST0875,49053,Cash,2026-05-01
ST0876,25185,Card,2026-05-01
ST0877,22115,Card,2026-05-01
ST0878,28923,UPI,2026-05-01
ST0879,36216,Card,2026-05-01
ST0880,41205,Card,2026-05-01
ST0881,37602,UPI,2026-05-01
ST0882,24357,UPI,2026-05-01
ST0883,32741,Cash,2026-05-01
ST0884,36560,Cash,2026-05-01
ST0885,28647,Card,2026-05-01
ST0886,33528,UPI,2026-05-01
ST0887,48900,UPI,2026-05-01
ST0888,20819,Cash,2026-05-01
ST0889,44074,Card,2026-05-01
ST0890,48062,Card,2026-05-01
ST0891,48571,UPI,2026-05-01
ST0892,38506,UPI,2026-05-01
ST0893,21001,Card,2026-05-01
ST0894,45818,Card,2026-05-01
ST0895,48374,UPI,2026-05-01
ST0896,44062,Cash,2026-05-01
ST0897,25699,Card,2026-05-01
ST0898,20215,Cash,2026-05-01
ST0899,35567,Cash,2026-05-01
ST0900,39084,UPI,2026-05-01
ST0901,21517,Cash,2026-05-01
ST0902,48452,Card,2026-05-01
ST0903,35720,Card,2026-05-01
ST0904,38370,Cash,2026-05-01
ST0905,36572,Cash,2026-05-01
ST0906,47251,UPI,2026-05-01
ST0907,23922,Card,2026-05-01
ST0908,21751,Cash,2026-05-01
ST0909,23732,Card,2026-05-01
ST0910,25306,UPI,2026-05-01
ST0911,34530,UPI,2026-05-01
ST0912,24660,Card,2026-05-01
ST0913,21363,Cash,2026-05-01
ST0914,48632,Card,2026-05-01
ST0915,27602,Cash,2026-05-01
ST0916,33705,Card,2026-05-01
ST0917,21341,Cash,2026-05-01
ST0918,20486,UPI,2026-05-01
ST0919,42119,UPI,2026-05-01
ST0920,37265,Cash,2026-05-01
ST0921,25809,UPI,2026-05-01
ST0922,36625,Cash,2026-05-01
ST0923,26435,Card,2026-05-01
ST0924,26036,UPI,2026-05-01
ST0925,20505,Card,2026-05-01
ST0926,34594,UPI,2026-05-01
ST0927,39975,Cash,2026-05-01
ST0928,22168,UPI,2026-05-01
ST0929,49147,UPI,2026-05-01
ST0930,28359,Card,2026-05-01
ST0931,21882,Cash,2026-05-01
ST0932,36307,Cash,2026-05-01
ST0933,43561,Cash,2026-05-01
ST0934,43932,Cash,2026-05-01
ST0935,20735,UPI,2026-05-01
ST0936,33952,Cash,2026-05-01
ST0937,29121,Card,2026-05-01
ST0938,28817,Card,2026-05-01
ST0939,23130,Card,2026-05-01
ST0940,31201,Card,2026-05-01
ST0941,25631,UPI,2026-05-01
ST0942,21055,UPI,2026-05-01
ST0943,43798,Cash,2026-05-01
ST0944,46853,UPI,2026-05-01
ST0945,40490,Cash,2026-05-01
ST0946,48460,UPI,2026-05-01
ST0947,48176,Card,2026-05-01
ST0948,24060,Cash,2026-05-01
ST0949,33358,Cash,2026-05-01
ST0950,32195,UPI,2026-05-01
ST0951,47741,Card,2026-05-01
ST0952,36941,Cash,2026-05-01
ST0953,34863,UPI,2026-05-01
ST0954,28305,Cash,2026-05-01
ST0955,44341,Cash,2026-05-01
ST0956,32798,Cash,2026-05-01
ST0957,34239,Card,2026-05-01
ST0958,34676,Card,2026-05-01
ST0959,29382,UPI,2026-05-01
ST0960,22242,Card,2026-05-01
ST0961,25008,Card,2026-05-01
ST0962,39723,UPI,2026-05-01
ST0963,48715,Card,2026-05-01
ST0964,38558,Cash,2026-05-01
ST0965,36387,UPI,2026-05-01
ST0966,22160,Card,2026-05-01
ST0967,48910,UPI,2026-05-01
ST0968,37361,UPI,2026-05-01
ST0969,34991,UPI,2026-05-01
ST0970,46542,Card,2026-05-01
ST0971,33749,Card,2026-05-01
ST0972,23654,Card,2026-05-01
ST0973,45447,Card,2026-05-01
ST0974,36399,UPI,2026-05-01
ST0975,27367,Card,2026-05-01
ST0976,31499,UPI,2026-05-01
ST0977,20344,UPI,2026-05-01
ST0978,49369,Cash,2026-05-01
ST0979,22046,Cash,2026-05-01
ST0980,41715,UPI,2026-05-01
ST0981,29529,UPI,2026-05-01
ST0982,29306,Cash,2026-05-01
ST0983,37255,UPI,2026-05-01
ST0984,32188,Cash,2026-05-01
ST0985,32993,Card,2026-05-01
ST0986,31897,UPI,2026-05-01
ST0987,45742,Card,2026-05-01
ST0988,44316,Card,2026-05-01
ST0989,26707,UPI,2026-05-01
ST0990,39230,UPI,2026-05-01
ST0991,29314,Card,2026-05-01
ST0992,31599,Card,2026-05-01
ST0993,30772,UPI,2026-05-01
ST0994,41065,Cash,2026-05-01
ST0995,26512,Cash,2026-05-01
ST0996,25997,UPI,2026-05-01
ST0997,38055,UPI,2026-05-01
ST0998,33753,Cash,2026-05-01
ST0999,37271,Card,2026-05-01
ST1000,32079,Card,2026-05-01
ST1001,42759,UPI,2026-05-01
ST1002,25345,Cash,2026-05-01
ST1003,30158,Cash,2026-05-01
ST1004,34161,UPI,2026-05-01
ST1005,48854,UPI,2026-05-01
ST1006,45031,UPI,2026-05-01
ST1007,48982,Card,2026-05-01
ST1008,27083,Card,2026-05-01
ST1009,49367,Card,2026-05-01
ST1010,44203,UPI,2026-05-01
ST1011,39866,UPI,2026-05-01
ST1012,44019,Cash,2026-05-01
ST1013,40792,Card,2026-05-01
ST1014,38197,Cash,2026-05-01
ST1015,23781,Card,2026-05-01
ST1016,40004,UPI,2026-05-01
ST1017,30385,UPI,2026-05-01
ST1018,40486,Card,2026-05-01
ST1019,49710,Cash,2026-05-01
ST1020,22996,UPI,2026-05-01
ST1021,32453,UPI,2026-05-01
ST1022,47316,Card,2026-05-01
ST1023,21883,Card,2026-05-01
ST1024,41961,UPI,2026-05-01
ST1025,47565,Card,2026-05-01
ST1026,22986,UPI,2026-05-01
ST1027,37506,Cash,2026-05-01
ST1028,34606,Cash,2026-05-01
ST1029,33539,UPI,2026-05-01
ST1030,28562,UPI,2026-05-01
ST1031,38032,Cash,2026-05-01
ST1032,47352,Cash,2026-05-01
ST1033,39221,Card,2026-05-01
ST1034,29750,Cash,2026-05-01
ST1035,42168,UPI,2026-05-01
ST1036,33784,UPI,2026-05-01
ST1037,28719,Cash,2026-05-01
ST1038,21412,Card,2026-05-01
ST1039,28615,UPI,2026-05-01
ST1040,25296,Cash,2026-05-01
ST1041,37224,Cash,2026-05-01
ST1042,25772,Cash,2026-05-01
ST1043,32465,Card,2026-05-01
ST1044,31993,Card,2026-05-01
ST1045,30817,Card,2026-05-01
ST1046,24446,Cash,2026-05-01
ST1047,25182,UPI,2026-05-01
ST1048,49739,Cash,2026-05-01
ST1049,46505,UPI,2026-05-01
ST1050,25540,Cash,2026-05-01
ST1051,26418,Card,2026-05-01
ST1052,40968,UPI,2026-05-01
ST1053,30731,UPI,2026-05-01
ST1054,46438,Card,2026-05-01
ST1055,40965,UPI,2026-05-01
ST1056,24951,Cash,2026-05-01
ST1057,44663,Card,2026-05-01
ST1058,46214,Card,2026-05-01
ST1059,24821,Cash,2026-05-01
ST1060,43660,UPI,2026-05-01
ST1061,49880,Card,2026-05-01
ST1062,40021,UPI,2026-05-01
ST1063,23057,UPI,2026-05-01
ST1064,24412,UPI,2026-05-01
ST1065,30674,Card,2026-05-01
ST1066,44772,UPI,2026-05-01
ST1067,33225,UPI,2026-05-01
ST1068,22076,Card,2026-05-01
ST1069,45276,Cash,2026-05-01
ST1070,38676,Cash,2026-05-01
ST1071,49324,Card,2026-05-01
ST1072,32275,Card,2026-05-01
ST1073,39698,Card,2026-05-01
ST1074,35778,UPI,2026-05-01
ST1075,32667,UPI,2026-05-01
ST1076,23700,UPI,2026-05-01
ST1077,44106,Card,2026-05-01
ST1078,21675,Card,2026-05-01
ST1079,24499,UPI,2026-05-01
ST1080,35546,Card,2026-05-01
ST1081,26698,Cash,2026-05-01
ST1082,24147,Cash,2026-05-01
ST1083,32710,Cash,2026-05-01
ST1084,46636,UPI,2026-05-01
ST1085,31792,UPI,2026-05-01
ST1086,40345,Cash,2026-05-01
ST1087,41485,Card,2026-05-01
ST1088,43908,Cash,2026-05-01
ST1089,41153,Cash,2026-05-01
ST1090,45436,Cash,2026-05-01
ST1091,36342,Cash,2026-05-01
ST1092,44496,UPI,2026-05-01
ST1093,29473,Cash,2026-05-01
ST1094,42134,UPI,2026-05-01
ST1095,43250,Card,2026-05-01
ST1096,35004,UPI,2026-05-01
ST1097,33061,Cash,2026-05-01
ST1098,28750,Cash,2026-05-01
ST1099,46397,UPI,2026-05-01
ST1100,38089,UPI,2026-05-01
ST1101,20738,Cash,2026-05-01
ST1102,25621,Card,2026-05-01
ST1103,27732,Card,2026-05-01
ST1104,27235,Card,2026-05-01
ST1105,46894,UPI,2026-05-01
ST1106,43758,UPI,2026-05-01
ST1107,34116,Cash,2026-05-01
ST1108,38173,Card,2026-05-01
ST1109,39939,Cash,2026-05-01
ST1110,29031,Card,2026-05-01
ST1111,48834,Card,2026-05-01
ST1112,43883,Cash,2026-05-01
ST1113,39545,Cash,2026-05-01
ST1114,25234,UPI,2026-05-01
ST1115,48628,Card,2026-05-01
ST1116,41127,Card,2026-05-01
ST1117,29499,Cash,2026-05-01
ST1118,23858,Card,2026-05-01
ST1119,35357,Cash,2026-05-01
ST1120,26047,Cash,2026-05-01
ST1121,21826,UPI,2026-05-01
ST1122,33944,UPI,2026-05-01
ST1123,23615,UPI,2026-05-01
ST1124,30043,UPI,2026-05-01
ST1125,41570,UPI,2026-05-01
ST1126,32778,Cash,2026-05-01
ST1127,45176,Card,2026-05-01
ST1128,31643,Cash,2026-05-01
ST1129,48853,Cash,2026-05-01
ST1130,40136,UPI,2026-05-01
ST1131,30971,Cash,2026-05-01
ST1132,33944,UPI,2026-05-01
ST1133,36307,Cash,2026-05-01
ST1134,41839,UPI,2026-05-01
ST1135,23213,UPI,2026-05-01
ST1136,32127,Cash,2026-05-01
ST1137,49767,Card,2026-05-01
ST1138,36768,Card,2026-05-01
ST1139,29436,Card,2026-05-01
ST1140,41503,UPI,2026-05-01
ST1141,42556,Card,2026-05-01
ST1142,23158,Cash,2026-05-01
ST1143,23554,Card,2026-05-01
ST1144,41382,Cash,2026-05-01
ST1145,42805,Cash,2026-05-01
ST1146,35484,Cash,2026-05-01
ST1147,45393,Card,2026-05-01
ST1148,35702,UPI,2026-05-01
ST1149,44909,Card,2026-05-01
ST1150,32614,Card,2026-05-01
ST1151,46318,UPI,2026-05-01
ST1152,28632,UPI,2026-05-01
ST1153,44577,Card,2026-05-01
ST1154,40492,UPI,2026-05-01
ST1155,44325,Cash,2026-05-01
ST1156,43009,Card,2026-05-01
ST1157,43191,Cash,2026-05-01
ST1158,39220,Cash,2026-05-01
ST1159,23849,Cash,2026-05-01
ST1160,28131,Card,2026-05-01
ST1161,36191,Card,2026-05-01
ST1162,23312,Card,2026-05-01
ST1163,47021,Cash,2026-05-01
ST1164,29811,UPI,2026-05-01
ST1165,27065,Cash,2026-05-01
ST1166,28786,Card,2026-05-01
ST1167,39720,Cash,2026-05-01
ST1168,26989,Card,2026-05-01
ST1169,30713,UPI,2026-05-01
ST1170,35987,Card,2026-05-01
ST1171,25670,Card,2026-05-01
ST1172,42159,Card,2026-05-01
ST1173,20276,Card,2026-05-01
ST1174,37707,UPI,2026-05-01
ST1175,26187,Cash,2026-05-01
ST1176,33281,Card,2026-05-01
ST1177,39509,UPI,2026-05-01
ST1178,28684,UPI,2026-05-01
ST1179,28523,Card,2026-05-01
ST1180,33661,Card,2026-05-01
ST1181,44388,Card,2026-05-01
ST1182,23153,Card,2026-05-01
ST1183,28626,Card,2026-05-01
ST1184,45717,Card,2026-05-01
ST1185,40222,UPI,2026-05-01
ST1186,45812,UPI,2026-05-01
ST1187,48898,Cash,2026-05-01
ST1188,27242,UPI,2026-05-01
ST1189,48265,UPI,2026-05-01
ST1190,33379,Card,2026-05-01
ST1191,45871,Cash,2026-05-01
ST1192,32755,Card,2026-05-01
ST1193,41730,UPI,2026-05-01
ST1194,45247,Cash,2026-05-01
ST1195,43543,Card,2026-05-01
ST1196,48727,Card,2026-05-01
ST1197,35895,Cash,2026-05-01
ST1198,38078,Cash,2026-05-01
ST1199,31491,Card,2026-05-01
ST1200,29864,UPI,2026-05-01
