assignment_id,student_id,marks
A0001,ST0838,5
A0001,ST0600,9
A0001,ST0487,7
A0001,ST1014,7
A0001,ST0292,9
A0001,ST0605,6
A0001,ST0505,9
A0001,ST0017,10
A0001,ST0112,7
A0001,ST0247,5
A0001,ST0221,8
A0001,ST0780,10
A0001,ST0489,7
A0001,ST1016,8
A0001,ST0922,6
A0001,ST0210,6
A0001,ST0390,5
A0001,ST0524,10
A0001,ST1159,7
A0001,ST0330,5
A0002,ST1009,10
A0002,ST0555,10
A0002,ST0368,6
A0002,ST0134,9
A0002,ST0508,8
A0002,ST1095,6
A0002,ST1071,6
A0002,ST0025,9
A0002,ST0411,7
A0002,ST0290,7
A0002,ST0468,8
A0002,ST0865,7
A0002,ST0018,7
A0002,ST0678,7
A0002,ST1043,8
A0002,ST0346,6
A0002,ST0184,7
A0002,ST0729,5
A0002,ST0185,7
A0002,ST0229,9
A0003,ST0903,8
A0003,ST0026,7
A0003,ST0647,6
A0003,ST0640,6
A0003,ST0001,10
A0003,ST0925,6
A0003,ST0585,7
A0003,ST0977,6
A0003,ST0201,8
A0003,ST0298,5
A0003,ST0239,9
A0003,ST0758,5
A0003,ST0638,5
A0003,ST0481,10
A0003,ST0718,8
A0003,ST0709,9
A0003,ST0891,8
A0003,ST0038,7
A0003,ST0966,6
A0003,ST0867,5
A0004,ST0977,6
A0004,ST0063,8
A0004,ST0405,10
A0004,ST0992,6
A0004,ST0688,5
A0004,ST0541,6
A0004,ST1018,10
A0004,ST0092,8
A0004,ST0603,7
A0004,ST0902,8
A0004,ST0562,7
A0004,ST0744,5
A0004,ST0357,8
A0004,ST0137,7
A0004,ST0588,6
A0004,ST0384,7
A0004,ST1067,10
A0004,ST0488,5
A0004,ST1121,5
A0004,ST0076,6
A0005,ST0987,5
A0005,ST1060,7
A0005,ST0899,6
A0005,ST0705,9
A0005,ST0421,7
A0005,ST0354,7
A0005,ST0942,5
A0005,ST1092,7
A0005,ST0225,7
A0005,ST0040,8
A0005,ST1057,6
A0005,ST0075,8
A0005,ST0240,6
A0005,ST0829,8
A0005,ST0618,7
A0005,ST0587,8
A0005,ST0243,7
A0005,ST0758,6
A0005,ST0248,7
A0005,ST0984,10
A0006,ST0280,9
A0006,ST0403,5
A0006,ST0293,10
A0006,ST0354,5
A0006,ST1138,7
A0006,ST0176,8
A0006,ST0802,7
A0006,ST0934,5
A0006,ST0660,5
A0006,ST0097,5
A0006,ST0217,7
A0006,ST1027,9
A0006,ST0843,10
A0006,ST0184,7
A0006,ST0126,7
A0006,ST0591,5
A0006,ST0104,8
A0006,ST0719,10
A0006,ST0161,9
A0006,ST0160,9
A0007,ST0108,6
A0007,ST0677,6
A0007,ST0898,5
A0007,ST0633,10
A0007,ST0356,10
A0007,ST0949,6
A0007,ST1042,9
A0007,ST0690,7
A0007,ST0493,10
A0007,ST0663,8
A0007,ST1009,9
A0007,ST0504,5
A0007,ST0586,6
A0007,ST0527,10
A0007,ST1068,6
A0007,ST1033,7
A0007,ST0209,9
A0007,ST0738,5
A0007,ST0136,8
A0007,ST0584,7
A0008,ST0093,6
A0008,ST0805,8
A0008,ST0850,8
A0008,ST0217,10
A0008,ST0458,8
A0008,ST0034,7
A0008,ST0944,6
A0008,ST1000,8
A0008,ST0522,5
A0008,ST0022,9
A0008,ST1177,8
A0008,ST1165,7
A0008,ST1087,9
A0008,ST0199,10
A0008,ST0694,7
A0008,ST0074,9
A0008,ST0183,6
A0008,ST0920,7
A0008,ST1153,6
A0008,ST0611,6
A0009,ST0095,7
A0009,ST0714,9
A0009,ST1061,7
A0009,ST0492,5
A0009,ST0479,9
A0009,ST0682,9
A0009,ST0525,6
A0009,ST0451,7
A0009,ST0487,8
A0009,ST0886,8
A0009,ST0589,5
A0009,ST0999,10
A0009,ST0579,10
A0009,ST0594,5
A0009,ST0919,5
A0009,ST0498,10
A0009,ST0742,5
A0009,ST0804,6
A0009,ST1011,7
A0009,ST0775,6
A0010,ST0577,8
A0010,ST0671,8
A0010,ST0884,7
A0010,ST1123,10
A0010,ST0139,6
A0010,ST0115,5
A0010,ST1060,9
A0010,ST0590,9
A0010,ST0625,7
A0010,ST0301,5
A0010,ST0846,5
A0010,ST0750,6
A0010,ST0855,6
A0010,ST0922,6
A0010,ST0786,5
A0010,ST0043,7
A0010,ST1076,5
A0010,ST0471,8
A0010,ST0759,5
A0010,ST0137,5
A0011,ST0279,10
A0011,ST0452,7
A0011,ST1171,8
A0011,ST0795,5
A0011,ST1184,9
A0011,ST0902,6
A0011,ST0710,6
A0011,ST0133,7
A0011,ST0261,6
A0011,ST0232,8
A0011,ST0770,10
A0011,ST0765,9
A0011,ST0573,9
A0011,ST0402,6
A0011,ST0155,5
A0011,ST0655,7
A0011,ST1121,7
A0011,ST1187,6
A0011,ST1087,9
A0011,ST1113,9
A0012,ST0359,8
A0012,ST0251,8
A0012,ST1044,5
A0012,ST0310,8
A0012,ST0907,7
A0012,ST0073,10
A0012,ST1188,10
A0012,ST0690,7
A0012,ST0684,6
A0012,ST0242,10
A0012,ST1134,7
A0012,ST0954,8
A0012,ST0618,10
A0012,ST0927,9
A0012,ST0195,8
A0012,ST0413,6
A0012,ST0372,6
A0012,ST0172,5
A0012,ST0846,5
A0012,ST0766,7
A0013,ST0807,8
A0013,ST0318,5
A0013,ST0401,6
A0013,ST0728,5
A0013,ST0521,6
A0013,ST1178,6
A0013,ST1066,7
A0013,ST0754,7
A0013,ST0969,10
A0013,ST0484,7
A0013,ST0820,6
A0013,ST0564,6
A0013,ST0652,7
A0013,ST1138,5
A0013,ST0512,8
A0013,ST1180,9
A0013,ST0752,5
A0013,ST0384,9
A0013,ST0197,10
A0013,ST1082,5
A0014,ST0191,5
A0014,ST0813,5
A0014,ST0035,8
A0014,ST0949,10
A0014,ST0628,8
A0014,ST1086,9
A0014,ST1113,6
A0014,ST0218,6
A0014,ST0258,10
A0014,ST1080,5
A0014,ST0941,6
A0014,ST0991,9
A0014,ST0828,10
A0014,ST1009,5
A0014,ST0275,10
A0014,ST0745,7
A0014,ST0648,6
A0014,ST0934,8
A0014,ST1142,10
A0014,ST0848,8
A0015,ST1000,9
A0015,ST0119,5
A0015,ST0986,8
A0015,ST0563,6
A0015,ST0435,8
A0015,ST0620,9
A0015,ST0002,10
A0015,ST0731,7
A0015,ST0479,7
A0015,ST0352,8
A0015,ST0869,5
A0015,ST0653,9
A0015,ST1030,8
A0015,ST0854,8
A0015,ST0033,6
A0015,ST0967,10
A0015,ST0012,5
A0015,ST0608,7
A0015,ST0106,10
A0015,ST0032,10
A0016,ST0239,10
A0016,ST0595,8
A0016,ST0001,5
A0016,ST1111,5
A0016,ST0800,5
A0016,ST0622,9
A0016,ST0538,8
A0016,ST0723,5
A0016,ST0885,9
A0016,ST0600,8
A0016,ST0158,7
A0016,ST0603,5
A0016,ST1135,10
A0016,ST0234,5
A0016,ST0786,10
A0016,ST0599,6
A0016,ST0942,10
A0016,ST0668,10
A0016,ST0192,7
A0016,ST0859,10
A0017,ST0122,5
A0017,ST0944,8
A0017,ST0816,6
A0017,ST0595,10
A0017,ST0518,7
A0017,ST0187,10
A0017,ST0272,7
A0017,ST0127,9
A0017,ST0777,6
A0017,ST0962,8
A0017,ST0846,10
A0017,ST1066,6
A0017,ST0028,9
A0017,ST1175,7
A0017,ST0138,6
A0017,ST0328,10
A0017,ST0741,8
A0017,ST0536,8
A0017,ST0131,7
A0017,ST0056,5
A0018,ST0820,8
A0018,ST0862,10
A0018,ST0416,5
A0018,ST0237,9
A0018,ST0843,7
A0018,ST1179,6
A0018,ST0593,9
A0018,ST0998,10
A0018,ST0997,8
A0018,ST0647,8
A0018,ST0516,7
A0018,ST0093,9
A0018,ST0571,9
A0018,ST0637,7
A0018,ST1009,7
A0018,ST0459,10
A0018,ST0995,9
A0018,ST0288,5
A0018,ST0295,10
A0018,ST0981,6
A0019,ST0682,5
A0019,ST0598,10
A0019,ST0918,9
A0019,ST1175,6
A0019,ST0360,8
A0019,ST0423,9
A0019,ST0578,9
A0019,ST0276,7
A0019,ST0496,8
A0019,ST0187,10
A0019,ST0775,7
A0019,ST0457,6
A0019,ST0705,10
A0019,ST0244,10
A0019,ST0353,7
A0019,ST1189,8
A0019,ST0994,8
A0019,ST0330,6
A0019,ST1156,8
A0019,ST0482,7
A0020,ST0330,7
A0020,ST1140,7
A0020,ST0116,5
A0020,ST1183,10
A0020,ST0760,5
A0020,ST0601,5
A0020,ST0583,10
A0020,ST0473,6
A0020,ST0384,10
A0020,ST0732,6
A0020,ST0985,8
A0020,ST0756,7
A0020,ST0290,7
A0020,ST0105,6
A0020,ST1060,10
A0020,ST0326,9
A0020,ST0455,7
A0020,ST0179,10
A0020,ST0279,5
A0020,ST0268,8
A0021,ST0323,9
A0021,ST0006,10
A0021,ST0247,5
A0021,ST0410,5
A0021,ST0350,6
A0021,ST1073,7
A0021,ST0758,9
A0021,ST0665,7
A0021,ST1082,8
A0021,ST0607,7
A0021,ST0798,5
A0021,ST0453,8
A0021,ST0236,6
A0021,ST0930,7
A0021,ST0381,10
A0021,ST0409,8
A0021,ST1105,5
A0021,ST0248,9
A0021,ST0011,9
A0021,ST0346,7
A0022,ST0122,10
A0022,ST0385,9
A0022,ST0585,6
A0022,ST0575,10
A0022,ST0857,7
A0022,ST0272,9
A0022,ST0193,8
A0022,ST0270,6
A0022,ST1066,9
A0022,ST0618,7
A0022,ST0566,9
A0022,ST0896,7
A0022,ST0175,5
A0022,ST0888,6
A0022,ST0100,7
A0022,ST1009,9
A0022,ST0256,5
A0022,ST0827,6
A0022,ST0397,8
A0022,ST1079,10
A0023,ST0128,10
A0023,ST0272,10
A0023,ST0764,6
A0023,ST1068,10
A0023,ST0123,10
A0023,ST0217,7
A0023,ST0860,7
A0023,ST0666,5
A0023,ST0827,7
A0023,ST0470,10
A0023,ST0585,5
A0023,ST0076,5
A0023,ST0775,8
A0023,ST1102,5
A0023,ST0540,6
A0023,ST1200,10
A0023,ST0210,6
A0023,ST0022,9
A0023,ST0976,8
A0023,ST0994,5
A0024,ST0822,7
A0024,ST0957,9
A0024,ST0954,9
A0024,ST0422,5
A0024,ST0090,9
A0024,ST0877,6
A0024,ST0072,8
A0024,ST0687,8
A0024,ST0719,8
A0024,ST0641,5
A0024,ST1164,8
A0024,ST0265,5
A0024,ST0238,9
A0024,ST0710,6
A0024,ST0409,6
A0024,ST0766,6
A0024,ST1107,8
A0024,ST1135,6
A0024,ST1084,6
A0024,ST0306,5
A0025,ST1119,6
A0025,ST0165,5
A0025,ST0823,7
A0025,ST1097,8
A0025,ST0041,5
A0025,ST1087,5
A0025,ST0106,10
A0025,ST0847,6
A0025,ST0431,9
A0025,ST0027,8
A0025,ST0303,8
A0025,ST1021,9
A0025,ST0540,5
A0025,ST0940,7
A0025,ST0651,6
A0025,ST1188,5
A0025,ST1038,9
A0025,ST0449,7
A0025,ST0719,10
A0025,ST0919,7
A0026,ST0221,6
A0026,ST0560,6
A0026,ST0794,6
A0026,ST0295,6
A0026,ST0583,5
A0026,ST1073,8
A0026,ST0058,6
A0026,ST0378,7
A0026,ST1171,5
A0026,ST0428,6
A0026,ST0628,9
A0026,ST1179,8
A0026,ST0025,5
A0026,ST0362,9
A0026,ST0793,8
A0026,ST0539,7
A0026,ST0682,5
A0026,ST1100,7
A0026,ST0623,8
A0026,ST0274,10
A0027,ST1117,8
A0027,ST0864,7
A0027,ST1132,9
A0027,ST0713,10
A0027,ST0910,8
A0027,ST0190,8
A0027,ST1001,10
A0027,ST0709,9
A0027,ST0438,8
A0027,ST0624,10
A0027,ST0691,6
A0027,ST0535,6
A0027,ST0007,10
A0027,ST0696,9
A0027,ST0043,7
A0027,ST0537,10
A0027,ST0206,6
A0027,ST0380,5
A0027,ST1007,5
A0027,ST0866,10
A0028,ST0277,6
A0028,ST1199,5
A0028,ST0956,7
A0028,ST0575,5
A0028,ST0695,10
A0028,ST0786,9
A0028,ST0499,7
A0028,ST0855,10
A0028,ST0308,8
A0028,ST0106,9
A0028,ST1127,8
A0028,ST0551,6
A0028,ST0114,10
A0028,ST0248,9
A0028,ST0735,10
A0028,ST0102,10
A0028,ST0904,10
A0028,ST0402,6
A0028,ST1180,10
A0028,ST0476,10
A0029,ST0387,7
A0029,ST0886,8
A0029,ST0121,10
A0029,ST1091,6
A0029,ST0799,9
A0029,ST0053,9
A0029,ST0548,10
A0029,ST0365,7
A0029,ST0694,6
A0029,ST1085,8
A0029,ST0373,8
A0029,ST0615,9
A0029,ST0820,8
A0029,ST0682,9
A0029,ST0679,6
A0029,ST0955,10
A0029,ST0002,7
A0029,ST0298,9
A0029,ST0775,6
A0029,ST0587,8
A0030,ST0311,7
A0030,ST0912,7
A0030,ST0121,9
A0030,ST0365,10
A0030,ST0352,6
A0030,ST1137,9
A0030,ST0750,6
A0030,ST0941,7
A0030,ST1005,9
A0030,ST0359,6
A0030,ST0498,5
A0030,ST0703,7
A0030,ST1083,7
A0030,ST0774,6
A0030,ST1041,6
A0030,ST0847,6
A0030,ST0670,5
A0030,ST1163,7
A0030,ST0024,6
A0030,ST0079,7
A0031,ST1149,7
A0031,ST0292,7
A0031,ST0553,9
A0031,ST0531,8
A0031,ST1180,5
A0031,ST1151,8
A0031,ST0618,5
A0031,ST0339,10
A0031,ST0124,5
A0031,ST1131,8
A0031,ST0911,10
A0031,ST0212,6
A0031,ST1173,10
A0031,ST0773,7
A0031,ST0354,8
A0031,ST0541,10
A0031,ST0237,8
A0031,ST0396,6
A0031,ST0755,9
A0031,ST1118,9
A0032,ST0120,10
A0032,ST0928,6
A0032,ST0207,5
A0032,ST0394,6
A0032,ST1043,5
A0032,ST0285,7
A0032,ST0786,9
A0032,ST0619,9
A0032,ST0787,7
A0032,ST0696,5
A0032,ST0963,6
A0032,ST0555,7
A0032,ST1118,8
A0032,ST0846,7
A0032,ST0044,6
A0032,ST0082,8
A0032,ST0789,6
A0032,ST0442,5
A0032,ST0256,5
A0032,ST0828,8
A0033,ST1061,5
A0033,ST0869,7
A0033,ST0539,6
A0033,ST0499,7
A0033,ST0642,5
A0033,ST0604,8
A0033,ST0505,7
A0033,ST0952,9
A0033,ST0245,9
A0033,ST0845,8
A0033,ST0074,6
A0033,ST1078,6
A0033,ST0244,9
A0033,ST1108,10
A0033,ST0178,6
A0033,ST0848,5
A0033,ST1049,8
A0033,ST0004,6
A0033,ST0163,5
A0033,ST1005,9
A0034,ST0445,6
A0034,ST0717,8
A0034,ST0358,10
A0034,ST0683,10
A0034,ST0162,9
A0034,ST1135,10
A0034,ST0622,6
A0034,ST0402,8
A0034,ST0385,7
A0034,ST0475,10
A0034,ST0299,10
A0034,ST0931,5
A0034,ST0829,10
A0034,ST0693,10
A0034,ST1132,6
A0034,ST0441,9
A0034,ST0898,10
A0034,ST0355,5
A0034,ST0267,9
A0034,ST0097,6
A0035,ST0646,7
A0035,ST0281,5
A0035,ST1150,8
A0035,ST0224,10
A0035,ST0365,7
A0035,ST1032,10
A0035,ST0560,10
A0035,ST0028,6
A0035,ST0468,8
A0035,ST0974,9
A0035,ST0526,7
A0035,ST0285,6
A0035,ST0980,9
A0035,ST1096,9
A0035,ST0489,9
A0035,ST0962,7
A0035,ST0252,8
A0035,ST0242,8
A0035,ST0728,6
A0035,ST0824,7
A0036,ST0497,10
A0036,ST0707,10
A0036,ST0596,9
A0036,ST0388,5
A0036,ST0444,8
A0036,ST0934,5
A0036,ST0405,10
A0036,ST0234,6
A0036,ST0131,7
A0036,ST0266,6
A0036,ST0754,6
A0036,ST1106,10
A0036,ST0175,10
A0036,ST0142,6
A0036,ST1029,9
A0036,ST1020,5
A0036,ST0133,6
A0036,ST1048,6
A0036,ST1083,10
A0036,ST0066,8
A0037,ST0861,9
A0037,ST0083,5
A0037,ST0537,5
A0037,ST0034,8
A0037,ST0894,10
A0037,ST0463,6
A0037,ST0229,7
A0037,ST0991,9
A0037,ST1087,10
A0037,ST0155,5
A0037,ST0451,10
A0037,ST1161,8
A0037,ST1066,9
A0037,ST0911,5
A0037,ST0688,5
A0037,ST0517,6
A0037,ST0268,7
A0037,ST1036,5
A0037,ST1103,6
A0037,ST0462,7
A0038,ST0316,9
A0038,ST1106,8
A0038,ST0916,7
A0038,ST0720,8
A0038,ST0863,5
A0038,ST0688,9
A0038,ST1005,9
A0038,ST0213,7
A0038,ST0851,5
A0038,ST1010,10
A0038,ST0588,6
A0038,ST0221,9
A0038,ST0600,7
A0038,ST0908,6
A0038,ST1001,5
A0038,ST0728,6
A0038,ST1122,9
A0038,ST0352,7
A0038,ST0389,7
A0038,ST0499,7
A0039,ST0180,9
A0039,ST1004,5
A0039,ST0526,9
A0039,ST0438,8
A0039,ST0800,9
A0039,ST0828,7
A0039,ST0710,5
A0039,ST1049,10
A0039,ST1043,8
A0039,ST0876,7
A0039,ST0404,7
A0039,ST1114,5
A0039,ST1002,6
A0039,ST0965,6
A0039,ST0511,10
A0039,ST0255,8
A0039,ST0303,9
A0039,ST0891,7
A0039,ST0820,8
A0039,ST1158,6
A0040,ST0618,10
A0040,ST0940,7
A0040,ST0081,10
A0040,ST0376,5
A0040,ST0777,10
A0040,ST1154,10
A0040,ST0031,5
A0040,ST0026,10
A0040,ST0336,7
A0040,ST0803,7
A0040,ST0099,5
A0040,ST0016,9
A0040,ST0491,8
A0040,ST0886,10
A0040,ST0257,10
A0040,ST0462,8
A0040,ST0107,10
A0040,ST0642,9
A0040,ST0928,9
A0040,ST0673,8
A0041,ST0216,6
A0041,ST0088,9
A0041,ST0031,9
A0041,ST0589,5
A0041,ST0611,5
A0041,ST0072,9
A0041,ST0968,8
A0041,ST0457,7
A0041,ST0588,10
A0041,ST0257,9
A0041,ST0881,5
A0041,ST0380,9
A0041,ST0960,9
A0041,ST0362,9
A0041,ST0955,8
A0041,ST0273,5
A0041,ST0280,6
A0041,ST0079,9
A0041,ST0364,9
A0041,ST1042,6
A0042,ST0676,7
A0042,ST0293,5
A0042,ST0834,5
A0042,ST0103,10
A0042,ST1178,8
A0042,ST0416,6
A0042,ST0557,6
A0042,ST0486,8
A0042,ST0926,9
A0042,ST0697,9
A0042,ST0399,6
A0042,ST0802,8
A0042,ST1149,10
A0042,ST0815,10
A0042,ST0200,9
A0042,ST0073,8
A0042,ST0314,7
A0042,ST0429,10
A0042,ST0975,10
A0042,ST0837,10
A0043,ST0718,6
A0043,ST0266,10
A0043,ST0614,10
A0043,ST0352,5
A0043,ST0286,6
A0043,ST0584,6
A0043,ST0806,8
A0043,ST0855,10
A0043,ST0783,5
A0043,ST0616,10
A0043,ST1155,8
A0043,ST0071,9
A0043,ST1057,10
A0043,ST1007,9
A0043,ST0319,5
A0043,ST0591,6
A0043,ST0996,8
A0043,ST1021,7
A0043,ST0499,7
A0043,ST0600,8
A0044,ST1099,7
A0044,ST1103,8
A0044,ST0638,8
A0044,ST0467,9
A0044,ST0442,5
A0044,ST1104,9
A0044,ST1059,10
A0044,ST0571,9
A0044,ST0135,6
A0044,ST0960,10
A0044,ST0965,8
A0044,ST0702,9
A0044,ST0617,8
A0044,ST0589,8
A0044,ST0499,10
A0044,ST0241,5
A0044,ST1070,5
A0044,ST1034,8
A0044,ST0377,9
A0044,ST0619,10
A0045,ST0145,9
A0045,ST0385,6
A0045,ST1006,7
A0045,ST0352,7
A0045,ST0937,8
A0045,ST0398,7
A0045,ST0372,8
A0045,ST0299,6
A0045,ST0127,10
A0045,ST1195,8
A0045,ST0487,5
A0045,ST0190,9
A0045,ST0369,10
A0045,ST0915,6
A0045,ST0947,10
A0045,ST0727,6
A0045,ST0726,9
A0045,ST0397,9
A0045,ST0400,10
A0045,ST0950,5
A0046,ST0685,10
A0046,ST0200,9
A0046,ST0883,8
A0046,ST0795,10
A0046,ST0987,6
A0046,ST1052,9
A0046,ST0435,6
A0046,ST1113,10
A0046,ST0532,7
A0046,ST0823,5
A0046,ST1167,7
A0046,ST0774,8
A0046,ST0316,5
A0046,ST0392,10
A0046,ST0708,5
A0046,ST0641,7
A0046,ST0267,6
A0046,ST1068,8
A0046,ST0842,10
A0046,ST1009,9
A0047,ST1084,7
A0047,ST0061,8
A0047,ST0840,5
A0047,ST0893,8
A0047,ST0468,7
A0047,ST0210,5
A0047,ST0413,7
A0047,ST0525,5
A0047,ST0587,10
A0047,ST0684,10
A0047,ST0138,5
A0047,ST0595,10
A0047,ST1035,5
A0047,ST0541,9
A0047,ST0167,9
A0047,ST0415,5
A0047,ST1022,6
A0047,ST0346,9
A0047,ST0784,9
A0047,ST0340,10
A0048,ST1078,5
A0048,ST0446,9
A0048,ST0127,6
A0048,ST0782,8
A0048,ST0986,5
A0048,ST0106,10
A0048,ST0278,5
A0048,ST0616,10
A0048,ST1145,9
A0048,ST1084,5
A0048,ST0645,9
A0048,ST0279,9
A0048,ST0588,8
A0048,ST0275,9
A0048,ST0047,6
A0048,ST1195,7
A0048,ST0138,6
A0048,ST0166,6
A0048,ST0294,9
A0048,ST0959,5
A0049,ST0904,10
A0049,ST0694,10
A0049,ST0334,5
A0049,ST0239,8
A0049,ST0425,5
A0049,ST0009,8
A0049,ST0477,10
A0049,ST0518,10
A0049,ST0484,7
A0049,ST0243,6
A0049,ST0833,8
A0049,ST0376,7
A0049,ST0100,10
A0049,ST0445,8
A0049,ST0326,7
A0049,ST0091,5
A0049,ST0370,10
A0049,ST0907,8
A0049,ST0396,10
A0049,ST0428,9
A0050,ST1004,5
A0050,ST0632,9
A0050,ST1098,5
A0050,ST1124,7
A0050,ST0127,6
A0050,ST1050,9
A0050,ST0359,9
A0050,ST0991,8
A0050,ST0088,5
A0050,ST0974,5
A0050,ST0182,7
A0050,ST0195,10
A0050,ST0198,5
A0050,ST0673,10
A0050,ST0084,9
A0050,ST1136,6
A0050,ST1079,8
A0050,ST0920,10
A0050,ST0726,5
A0050,ST0646,7
A0051,ST0779,6
A0051,ST0462,8
A0051,ST0088,10
A0051,ST0871,5
A0051,ST1173,7
A0051,ST0525,7
A0051,ST0530,6
A0051,ST0039,6
A0051,ST0295,8
A0051,ST0912,6
A0051,ST0923,7
A0051,ST0191,8
A0051,ST0320,5
A0051,ST1153,5
A0051,ST0503,8
A0051,ST0845,10
A0051,ST0498,8
A0051,ST0477,9
A0051,ST0842,5
A0051,ST0998,10
A0052,ST1049,6
A0052,ST0159,5
A0052,ST0249,8
A0052,ST0325,9
A0052,ST1068,10
A0052,ST0718,5
A0052,ST0471,5
A0052,ST1126,7
A0052,ST1023,5
A0052,ST0445,8
A0052,ST0643,7
A0052,ST0726,9
A0052,ST0889,10
A0052,ST0937,6
A0052,ST1013,9
A0052,ST0528,5
A0052,ST0649,6
A0052,ST0595,10
A0052,ST0766,10
A0052,ST0954,9
A0053,ST1073,5
A0053,ST0355,7
A0053,ST1055,5
A0053,ST0122,8
A0053,ST0362,6
A0053,ST0580,7
A0053,ST0948,8
A0053,ST1083,6
A0053,ST0247,8
A0053,ST0798,5
A0053,ST1061,8
A0053,ST0610,7
A0053,ST0750,8
A0053,ST1064,5
A0053,ST1067,9
A0053,ST0433,10
A0053,ST0110,7
A0053,ST0579,5
A0053,ST0659,9
A0053,ST0704,9
A0054,ST0874,5
A0054,ST1021,7
A0054,ST0341,10
A0054,ST0121,10
A0054,ST0710,10
A0054,ST1046,6
A0054,ST0055,7
A0054,ST0054,8
A0054,ST0081,10
A0054,ST0106,8
A0054,ST0373,7
A0054,ST0578,7
A0054,ST0553,6
A0054,ST0866,5
A0054,ST0969,9
A0054,ST0085,10
A0054,ST1098,9
A0054,ST0717,10
A0054,ST0355,5
A0054,ST0689,9
A0055,ST0494,8
A0055,ST0615,9
A0055,ST0905,9
A0055,ST0716,8
A0055,ST0918,7
A0055,ST0114,5
A0055,ST1134,8
A0055,ST0611,6
A0055,ST0368,7
A0055,ST0999,6
A0055,ST0686,6
A0055,ST0143,8
A0055,ST1045,8
A0055,ST0836,10
A0055,ST0590,6
A0055,ST0693,5
A0055,ST0222,8
A0055,ST1067,9
A0055,ST0308,10
A0055,ST0754,8
A0056,ST0900,6
A0056,ST1125,8
A0056,ST0787,8
A0056,ST0840,7
A0056,ST1129,7
A0056,ST1000,5
A0056,ST0189,7
A0056,ST1088,6
A0056,ST0299,10
A0056,ST1187,7
A0056,ST0258,5
A0056,ST0133,8
A0056,ST1038,7
A0056,ST0156,9
A0056,ST0473,7
A0056,ST0007,7
A0056,ST0262,10
A0056,ST1111,10
A0056,ST0650,6
A0056,ST1166,10
A0057,ST0246,6
A0057,ST0408,6
A0057,ST0093,7
A0057,ST0865,6
A0057,ST0956,7
A0057,ST0921,9
A0057,ST0706,7
A0057,ST0714,7
A0057,ST0563,9
A0057,ST0624,7
A0057,ST1159,5
A0057,ST0468,6
A0057,ST0464,10
A0057,ST0938,6
A0057,ST0009,8
A0057,ST0069,7
A0057,ST1125,9
A0057,ST0573,9
A0057,ST0634,8
A0057,ST0870,6
A0058,ST0689,6
A0058,ST0082,8
A0058,ST0395,6
A0058,ST1116,7
A0058,ST1189,9
A0058,ST0761,6
A0058,ST0873,7
A0058,ST0040,5
A0058,ST0146,8
A0058,ST1144,9
A0058,ST0278,7
A0058,ST0304,9
A0058,ST1004,9
A0058,ST0832,9
A0058,ST0732,6
A0058,ST0618,9
A0058,ST0429,5
A0058,ST0170,9
A0058,ST0851,10
A0058,ST1045,6
A0059,ST0100,8
A0059,ST0541,7
A0059,ST1082,7
A0059,ST0350,9
A0059,ST0825,9
A0059,ST0619,7
A0059,ST0922,5
A0059,ST0614,8
A0059,ST0373,6
A0059,ST0266,9
A0059,ST0599,8
A0059,ST0725,6
A0059,ST0243,8
A0059,ST0526,8
A0059,ST0269,6
A0059,ST0283,8
A0059,ST1033,6
A0059,ST0703,7
A0059,ST0502,7
A0059,ST0742,7
A0060,ST1106,9
A0060,ST0261,5
A0060,ST0278,10
A0060,ST0243,7
A0060,ST1189,5
A0060,ST0193,10
A0060,ST0914,8
A0060,ST1043,6
A0060,ST1063,5
A0060,ST0127,9
A0060,ST0668,9
A0060,ST1142,6
A0060,ST0064,9
A0060,ST0021,7
A0060,ST0365,9
A0060,ST0271,9
A0060,ST1025,7
A0060,ST1026,6
A0060,ST0041,10
A0060,ST0767,5
A0061,ST0013,7
A0061,ST0003,6
A0061,ST1028,9
A0061,ST1081,7
A0061,ST0664,7
A0061,ST0827,9
A0061,ST0490,10
A0061,ST0474,5
A0061,ST0713,8
A0061,ST0735,6
A0061,ST1045,8
A0061,ST0538,8
A0061,ST1031,10
A0061,ST0452,7
A0061,ST1056,9
A0061,ST1136,5
A0061,ST0168,7
A0061,ST0998,10
A0061,ST0957,6
A0061,ST1034,6
A0062,ST0814,5
A0062,ST0434,10
A0062,ST0822,8
A0062,ST1190,9
A0062,ST0444,8
A0062,ST1171,10
A0062,ST0461,10
A0062,ST1032,9
A0062,ST1175,5
A0062,ST0997,9
A0062,ST0203,10
A0062,ST0298,7
A0062,ST0318,9
A0062,ST0372,10
A0062,ST0589,7
A0062,ST1081,7
A0062,ST1055,5
A0062,ST0889,5
A0062,ST0041,9
A0062,ST0504,10
A0063,ST0980,8
A0063,ST0393,6
A0063,ST0575,9
A0063,ST0839,10
A0063,ST1049,7
A0063,ST0928,6
A0063,ST0990,8
A0063,ST0811,10
A0063,ST0636,8
A0063,ST0609,9
A0063,ST0552,5
A0063,ST0496,10
A0063,ST0302,8
A0063,ST0602,9
A0063,ST0265,8
A0063,ST0018,6
A0063,ST0209,5
A0063,ST0206,10
A0063,ST1114,9
A0063,ST0766,6
A0064,ST0155,7
A0064,ST0859,9
A0064,ST0474,10
A0064,ST0513,9
A0064,ST0901,6
A0064,ST0656,8
A0064,ST0020,9
A0064,ST0639,7
A0064,ST1093,7
A0064,ST1178,9
A0064,ST1161,7
A0064,ST0105,5
A0064,ST0450,6
A0064,ST0284,8
A0064,ST0050,6
A0064,ST0858,8
A0064,ST0348,8
A0064,ST0120,10
A0064,ST0044,6
A0064,ST0685,8
A0065,ST0899,7
A0065,ST1187,6
A0065,ST0710,5
A0065,ST1159,5
A0065,ST0878,7
A0065,ST0713,5
A0065,ST1094,9
A0065,ST0446,5
A0065,ST0734,7
A0065,ST1086,8
A0065,ST0912,5
A0065,ST0565,5
A0065,ST0422,6
A0065,ST0378,7
A0065,ST0954,9
A0065,ST0592,10
A0065,ST1024,9
A0065,ST0668,5
A0065,ST0724,7
A0065,ST0017,7
A0066,ST0216,6
A0066,ST0510,9
A0066,ST0153,9
A0066,ST1170,5
A0066,ST0747,5
A0066,ST0739,6
A0066,ST0920,10
A0066,ST0482,10
A0066,ST0081,10
A0066,ST0579,6
A0066,ST1119,9
A0066,ST0511,9
A0066,ST1078,6
A0066,ST0958,5
A0066,ST0806,6
A0066,ST0674,10
A0066,ST0749,5
A0066,ST0553,10
A0066,ST0851,6
A0066,ST0335,7
A0067,ST0440,8
A0067,ST1137,9
A0067,ST1116,7
A0067,ST0396,7
A0067,ST1195,9
A0067,ST0907,5
A0067,ST1066,5
A0067,ST0879,6
A0067,ST0777,10
A0067,ST1147,9
A0067,ST0603,8
A0067,ST0474,9
A0067,ST1120,7
A0067,ST0222,8
A0067,ST0595,10
A0067,ST0857,9
A0067,ST0776,5
A0067,ST0257,5
A0067,ST1185,8
A0067,ST0125,8
A0068,ST0798,10
A0068,ST0627,10
A0068,ST0140,8
A0068,ST0794,6
A0068,ST1156,6
A0068,ST0744,6
A0068,ST0652,6
A0068,ST0899,9
A0068,ST0228,6
A0068,ST0580,6
A0068,ST0828,9
A0068,ST0019,5
A0068,ST0528,7
A0068,ST0006,5
A0068,ST0916,10
A0068,ST0810,8
A0068,ST1005,7
A0068,ST0356,10
A0068,ST0313,6
A0068,ST1110,5
A0069,ST0615,5
A0069,ST0711,10
A0069,ST0648,7
A0069,ST0527,6
A0069,ST0519,7
A0069,ST0470,10
A0069,ST0201,6
A0069,ST0032,5
A0069,ST0629,9
A0069,ST0289,7
A0069,ST0347,10
A0069,ST0659,5
A0069,ST0476,9
A0069,ST0217,6
A0069,ST0807,8
A0069,ST0385,10
A0069,ST0035,9
A0069,ST0638,6
A0069,ST0266,7
A0069,ST0719,9
A0070,ST0688,9
A0070,ST0531,8
A0070,ST0215,8
A0070,ST0360,10
A0070,ST0863,7
A0070,ST0205,10
A0070,ST0356,5
A0070,ST0290,5
A0070,ST1196,9
A0070,ST0700,8
A0070,ST0337,5
A0070,ST0932,7
A0070,ST0450,6
A0070,ST0925,6
A0070,ST1152,9
A0070,ST0902,10
A0070,ST1187,6
A0070,ST0100,6
A0070,ST0310,5
A0070,ST1101,10
A0071,ST0146,9
A0071,ST0638,8
A0071,ST0959,10
A0071,ST1002,9
A0071,ST1176,10
A0071,ST0597,10
A0071,ST0926,7
A0071,ST0270,8
A0071,ST0688,7
A0071,ST1169,7
A0071,ST0150,7
A0071,ST0798,8
A0071,ST0444,8
A0071,ST0283,8
A0071,ST1164,6
A0071,ST0855,7
A0071,ST0509,5
A0071,ST0931,9
A0071,ST1019,10
A0071,ST0927,5
A0072,ST0468,5
A0072,ST0770,10
A0072,ST0474,9
A0072,ST0572,10
A0072,ST0271,7
A0072,ST0391,5
A0072,ST0939,8
A0072,ST0492,6
A0072,ST0241,6
A0072,ST0521,6
A0072,ST0744,9
A0072,ST0299,10
A0072,ST1118,9
A0072,ST0055,6
A0072,ST0184,10
A0072,ST0511,8
A0072,ST0388,8
A0072,ST0942,5
A0072,ST1154,10
A0072,ST0850,9
A0073,ST0172,7
A0073,ST0146,9
A0073,ST0527,6
A0073,ST0426,6
A0073,ST0986,5
A0073,ST0532,7
A0073,ST0149,8
A0073,ST0951,7
A0073,ST0334,7
A0073,ST0502,9
A0073,ST0130,8
A0073,ST0491,7
A0073,ST0714,10
A0073,ST0818,6
A0073,ST0072,8
A0073,ST1117,6
A0073,ST0817,10
A0073,ST1034,10
A0073,ST0610,10
A0073,ST0546,5
A0074,ST0145,9
A0074,ST0232,9
A0074,ST0239,6
A0074,ST1082,6
A0074,ST0867,6
A0074,ST0379,8
A0074,ST0484,7
A0074,ST0871,9
A0074,ST0624,7
A0074,ST0436,8
A0074,ST0803,7
A0074,ST0796,10
A0074,ST0429,8
A0074,ST0495,9
A0074,ST0449,8
A0074,ST0810,8
A0074,ST0363,10
A0074,ST0650,6
A0074,ST0245,5
A0074,ST1079,8
A0075,ST0429,10
A0075,ST0106,6
A0075,ST0943,10
A0075,ST0933,7
A0075,ST1115,7
A0075,ST0695,8
A0075,ST0614,10
A0075,ST0214,9
A0075,ST0328,10
A0075,ST0587,6
A0075,ST1063,9
A0075,ST0961,7
A0075,ST0749,7
A0075,ST0755,7
A0075,ST0371,6
A0075,ST1164,10
A0075,ST0437,8
A0075,ST0940,6
A0075,ST1098,6
A0075,ST0151,10
A0076,ST0774,5
A0076,ST0201,9
A0076,ST0937,9
A0076,ST1140,8
A0076,ST0942,9
A0076,ST0017,9
A0076,ST0958,9
A0076,ST0278,9
A0076,ST1119,8
A0076,ST1141,5
A0076,ST0083,8
A0076,ST0955,5
A0076,ST0938,8
A0076,ST0625,8
A0076,ST0913,10
A0076,ST0014,5
A0076,ST1100,10
A0076,ST0846,10
A0076,ST0573,10
A0076,ST0165,8
A0077,ST0264,8
A0077,ST0516,8
A0077,ST0028,5
A0077,ST0077,8
A0077,ST0367,8
A0077,ST0767,6
A0077,ST0890,5
A0077,ST0646,6
A0077,ST0065,6
A0077,ST0894,10
A0077,ST0761,10
A0077,ST1111,10
A0077,ST0860,7
A0077,ST0110,6
A0077,ST0258,5
A0077,ST0552,9
A0077,ST0009,10
A0077,ST0141,5
A0077,ST0624,10
A0077,ST0093,5
A0078,ST1191,8
A0078,ST0724,6
A0078,ST1065,6
A0078,ST0263,8
A0078,ST0055,5
A0078,ST0089,5
A0078,ST1088,7
A0078,ST0998,5
A0078,ST1106,10
A0078,ST0956,6
A0078,ST0141,10
A0078,ST0847,9
A0078,ST0001,9
A0078,ST0781,8
A0078,ST0626,9
A0078,ST0168,8
A0078,ST0021,5
A0078,ST0833,10
A0078,ST1087,7
A0078,ST0990,10
A0079,ST0760,9
A0079,ST0949,6
A0079,ST0262,9
A0079,ST1109,5
A0079,ST1129,5
A0079,ST0583,7
A0079,ST0422,7
A0079,ST0813,7
A0079,ST0872,8
A0079,ST0801,6
A0079,ST0605,6
A0079,ST0112,8
A0079,ST0974,8
A0079,ST0539,6
A0079,ST0153,8
A0079,ST0442,5
A0079,ST1072,8
A0079,ST1156,7
A0079,ST0127,5
A0079,ST0341,9
A0080,ST0493,7
A0080,ST0897,7
A0080,ST0085,8
A0080,ST0544,6
A0080,ST0563,8
A0080,ST0144,5
A0080,ST0023,6
A0080,ST0724,9
A0080,ST1080,7
A0080,ST0685,5
A0080,ST0852,9
A0080,ST0260,10
A0080,ST0578,9
A0080,ST0992,6
A0080,ST0124,6
A0080,ST0432,8
A0080,ST0265,6
A0080,ST0401,8
A0080,ST0037,10
A0080,ST1005,10
A0081,ST1152,7
A0081,ST0342,10
A0081,ST0441,8
A0081,ST1195,7
A0081,ST0637,7
A0081,ST0154,8
A0081,ST0742,9
A0081,ST1160,8
A0081,ST0707,8
A0081,ST0433,6
A0081,ST0653,8
A0081,ST0357,7
A0081,ST0892,9
A0081,ST0348,10
A0081,ST1162,10
A0081,ST0548,6
A0081,ST0526,9
A0081,ST0777,7
A0081,ST0492,9
A0081,ST0034,5
A0082,ST1169,5
A0082,ST1020,8
A0082,ST1124,9
A0082,ST0782,7
A0082,ST1135,6
A0082,ST0314,6
A0082,ST0610,8
A0082,ST0365,9
A0082,ST0299,8
A0082,ST0179,6
A0082,ST0102,10
A0082,ST0073,7
A0082,ST0036,5
A0082,ST0092,6
A0082,ST0555,9
A0082,ST0495,9
A0082,ST0786,8
A0082,ST1115,5
A0082,ST0599,7
A0082,ST0138,10
A0083,ST0665,10
A0083,ST0918,7
A0083,ST0384,10
A0083,ST0156,6
A0083,ST0718,7
A0083,ST0152,8
A0083,ST0616,9
A0083,ST0497,8
A0083,ST0404,7
A0083,ST0451,5
A0083,ST1055,7
A0083,ST0615,5
A0083,ST0414,6
A0083,ST0864,10
A0083,ST0456,10
A0083,ST0919,5
A0083,ST0911,5
A0083,ST0208,7
A0083,ST0238,6
A0083,ST1014,7
A0084,ST0801,6
A0084,ST0227,6
A0084,ST0347,7
A0084,ST0688,9
A0084,ST1042,9
A0084,ST0055,5
A0084,ST0411,10
A0084,ST1066,9
A0084,ST0996,9
A0084,ST0724,5
A0084,ST1145,5
A0084,ST0039,10
A0084,ST0852,8
A0084,ST0171,8
A0084,ST0228,7
A0084,ST1098,8
A0084,ST0903,7
A0084,ST0156,6
A0084,ST0557,5
A0084,ST1123,7
A0085,ST0796,7
A0085,ST0403,5
A0085,ST0256,5
A0085,ST0303,10
A0085,ST0493,6
A0085,ST0127,6
A0085,ST0297,5
A0085,ST0368,10
A0085,ST0726,9
A0085,ST1034,9
A0085,ST0566,9
A0085,ST0801,6
A0085,ST0109,8
A0085,ST0900,7
A0085,ST0630,8
A0085,ST0389,10
A0085,ST0988,5
A0085,ST0954,8
A0085,ST0673,10
A0085,ST0209,10
A0086,ST0604,10
A0086,ST0963,8
A0086,ST0758,6
A0086,ST0163,5
A0086,ST0677,7
A0086,ST0272,10
A0086,ST0876,7
A0086,ST0892,6
A0086,ST0041,10
A0086,ST1151,6
A0086,ST0530,5
A0086,ST1135,10
A0086,ST0260,6
A0086,ST0798,7
A0086,ST0858,5
A0086,ST0923,9
A0086,ST0839,6
A0086,ST0378,10
A0086,ST1074,7
A0086,ST0412,10
A0087,ST1032,5
A0087,ST0565,10
A0087,ST0155,6
A0087,ST0081,10
A0087,ST0942,9
A0087,ST0559,10
A0087,ST0574,8
A0087,ST0293,5
A0087,ST0039,6
A0087,ST1195,6
A0087,ST0906,6
A0087,ST1129,5
A0087,ST0417,8
A0087,ST0067,5
A0087,ST0458,9
A0087,ST0062,10
A0087,ST0680,10
A0087,ST0651,10
A0087,ST1092,7
A0087,ST1042,7
A0088,ST0789,6
A0088,ST0489,8
A0088,ST0561,9
A0088,ST0598,6
A0088,ST0071,5
A0088,ST0371,10
A0088,ST0035,6
A0088,ST1052,8
A0088,ST0770,9
A0088,ST0876,10
A0088,ST0602,7
A0088,ST0802,8
A0088,ST1158,6
A0088,ST0751,9
A0088,ST0628,8
A0088,ST1137,8
A0088,ST0279,10
A0088,ST0166,6
A0088,ST1072,6
A0088,ST0662,9
A0089,ST0415,7
A0089,ST0341,10
A0089,ST0610,8
A0089,ST0797,7
A0089,ST0851,8
A0089,ST0104,5
A0089,ST0316,10
A0089,ST1050,8
A0089,ST0742,9
A0089,ST0210,10
A0089,ST0284,10
A0089,ST1047,5
A0089,ST0555,9
A0089,ST0198,7
A0089,ST0760,8
A0089,ST1020,9
A0089,ST0713,5
A0089,ST0199,8
A0089,ST0467,6
A0089,ST0374,7
A0090,ST1143,7
A0090,ST0324,5
A0090,ST0314,7
A0090,ST0554,5
A0090,ST0116,8
A0090,ST1102,5
A0090,ST0535,9
A0090,ST1012,6
A0090,ST1030,10
A0090,ST0013,9
A0090,ST0244,7
A0090,ST0989,6
A0090,ST0814,10
A0090,ST0928,10
A0090,ST0806,8
A0090,ST0863,6
A0090,ST0017,6
A0090,ST1179,10
A0090,ST0636,10
A0090,ST1147,6
A0091,ST0226,10
A0091,ST0637,6
A0091,ST1197,5
A0091,ST1039,9
A0091,ST0944,6
A0091,ST0312,5
A0091,ST0546,7
A0091,ST0627,5
A0091,ST0448,8
A0091,ST1014,10
A0091,ST0173,10
A0091,ST0797,5
A0091,ST0512,5
A0091,ST0259,8
A0091,ST0916,6
A0091,ST0384,7
A0091,ST0516,10
A0091,ST1106,6
A0091,ST0760,6
A0091,ST0786,6
A0092,ST0595,9
A0092,ST0886,10
A0092,ST1164,6
A0092,ST0582,8
A0092,ST0910,8
A0092,ST0032,5
A0092,ST0728,10
A0092,ST0007,7
A0092,ST0829,7
A0092,ST0762,10
A0092,ST0604,7
A0092,ST0456,9
A0092,ST0700,6
A0092,ST0710,8
A0092,ST0213,7
A0092,ST0034,5
A0092,ST0682,6
A0092,ST0175,10
A0092,ST0465,10
A0092,ST0269,6
A0093,ST0994,10
A0093,ST0476,10
A0093,ST1069,10
A0093,ST1122,8
A0093,ST0863,10
A0093,ST0736,8
A0093,ST0699,6
A0093,ST0182,6
A0093,ST0247,5
A0093,ST0974,10
A0093,ST0414,7
A0093,ST0906,9
A0093,ST1127,9
A0093,ST0260,8
A0093,ST0429,10
A0093,ST0753,6
A0093,ST0496,9
A0093,ST1145,5
A0093,ST1025,8
A0093,ST0686,7
A0094,ST0676,5
A0094,ST0991,7
A0094,ST0080,9
A0094,ST0752,9
A0094,ST0594,8
A0094,ST0639,10
A0094,ST1040,8
A0094,ST1033,7
A0094,ST1063,5
A0094,ST0229,7
A0094,ST0464,5
A0094,ST1117,10
A0094,ST0022,10
A0094,ST0713,7
A0094,ST1126,6
A0094,ST0343,6
A0094,ST0412,7
A0094,ST0072,9
A0094,ST0443,5
A0094,ST0282,9
A0095,ST0525,6
A0095,ST0944,6
A0095,ST1160,10
A0095,ST0812,9
A0095,ST0300,10
A0095,ST1162,7
A0095,ST0420,9
A0095,ST1197,8
A0095,ST0145,10
A0095,ST0912,5
A0095,ST0955,9
A0095,ST0056,5
A0095,ST1191,6
A0095,ST0987,9
A0095,ST0449,5
A0095,ST0366,5
A0095,ST1038,9
A0095,ST1067,7
A0095,ST0821,5
A0095,ST0251,7
A0096,ST0055,7
A0096,ST0407,8
A0096,ST0337,8
A0096,ST0865,5
A0096,ST1175,5
A0096,ST1153,10
A0096,ST0364,7
A0096,ST1071,8
A0096,ST1081,8
A0096,ST0564,9
A0096,ST0948,10
A0096,ST0329,5
A0096,ST0843,6
A0096,ST1165,6
A0096,ST0763,6
A0096,ST1149,7
A0096,ST1043,6
A0096,ST0863,8
A0096,ST0695,7
A0096,ST0389,10
A0097,ST0002,9
A0097,ST1034,8
A0097,ST1137,5
A0097,ST1038,5
A0097,ST1162,6
A0097,ST0257,7
A0097,ST0547,10
A0097,ST0742,6
A0097,ST0701,10
A0097,ST0551,9
A0097,ST1053,8
A0097,ST0618,7
A0097,ST1085,8
A0097,ST0023,10
A0097,ST0268,9
A0097,ST1057,6
A0097,ST0678,6
A0097,ST0964,7
A0097,ST0975,7
A0097,ST0968,10
A0098,ST0002,9
A0098,ST0682,7
A0098,ST0086,10
A0098,ST0468,6
A0098,ST0354,5
A0098,ST0344,10
A0098,ST0531,6
A0098,ST0264,5
A0098,ST0891,8
A0098,ST0498,9
A0098,ST0512,8
A0098,ST1042,5
A0098,ST0242,9
A0098,ST1101,8
A0098,ST1003,5
A0098,ST0394,6
A0098,ST0618,9
A0098,ST0902,9
A0098,ST1136,7
A0098,ST1045,10
A0099,ST0620,5
A0099,ST0467,10
A0099,ST0684,8
A0099,ST0222,8
A0099,ST0013,5
A0099,ST0357,9
A0099,ST0613,5
A0099,ST0659,5
A0099,ST0869,5
A0099,ST0448,7
A0099,ST0514,8
A0099,ST0505,10
A0099,ST0912,9
A0099,ST1181,7
A0099,ST0926,5
A0099,ST0395,10
A0099,ST0992,7
A0099,ST1091,7
A0099,ST0166,5
A0099,ST0786,8
A0100,ST0667,5
A0100,ST0707,8
A0100,ST0049,6
A0100,ST0920,9
A0100,ST0275,6
A0100,ST0478,5
A0100,ST0427,9
A0100,ST0357,7
A0100,ST1189,6
A0100,ST0105,9
A0100,ST0725,6
A0100,ST0867,6
A0100,ST1013,5
A0100,ST0029,10
A0100,ST0337,5
A0100,ST1104,6
A0100,ST0391,9
A0100,ST1042,9
A0100,ST0598,5
A0100,ST0244,10
A0101,ST0862,8
A0101,ST0624,8
A0101,ST0119,5
A0101,ST0025,9
A0101,ST0539,7
A0101,ST0155,6
A0101,ST0028,8
A0101,ST0569,10
A0101,ST0485,9
A0101,ST0801,5
A0101,ST0280,5
A0101,ST0186,5
A0101,ST1025,9
A0101,ST0829,7
A0101,ST0607,5
A0101,ST0923,6
A0101,ST0500,5
A0101,ST0156,8
A0101,ST0262,7
A0101,ST1035,5
A0102,ST1036,5
A0102,ST0557,9
A0102,ST1141,9
A0102,ST0225,10
A0102,ST0769,5
A0102,ST0285,8
A0102,ST0993,5
A0102,ST0081,8
A0102,ST0401,7
A0102,ST0688,8
A0102,ST0493,8
A0102,ST0453,7
A0102,ST0820,6
A0102,ST0009,5
A0102,ST0764,6
A0102,ST1027,8
A0102,ST0014,8
A0102,ST0101,9
A0102,ST0088,10
A0102,ST0168,8
A0103,ST0089,7
A0103,ST0895,6
A0103,ST0668,5
A0103,ST1024,10
A0103,ST0383,8
A0103,ST0346,8
A0103,ST0771,8
A0103,ST0331,8
A0103,ST0781,7
A0103,ST0655,7
A0103,ST0098,6
A0103,ST0298,9
A0103,ST0325,6
A0103,ST1139,10
A0103,ST0326,7
A0103,ST0789,10
A0103,ST0249,7
A0103,ST0532,5
A0103,ST0395,7
A0103,ST0135,10
A0104,ST0600,9
A0104,ST1016,9
A0104,ST0451,6
A0104,ST0234,8
A0104,ST1062,9
A0104,ST0426,9
A0104,ST0202,6
A0104,ST1169,5
A0104,ST0253,8
A0104,ST0639,6
A0104,ST0679,7
A0104,ST0931,6
A0104,ST0610,10
A0104,ST0054,10
A0104,ST0874,8
A0104,ST0734,10
A0104,ST0602,10
A0104,ST0699,7
A0104,ST0945,7
A0104,ST0226,8
A0105,ST1005,5
A0105,ST0895,10
A0105,ST0777,10
A0105,ST0279,8
A0105,ST0231,9
A0105,ST0966,5
A0105,ST0496,10
A0105,ST0430,10
A0105,ST0501,8
A0105,ST0860,10
A0105,ST0865,8
A0105,ST0166,5
A0105,ST0600,8
A0105,ST0433,8
A0105,ST0164,5
A0105,ST1163,5
A0105,ST0798,7
A0105,ST0052,10
A0105,ST0370,5
A0105,ST0855,10
A0106,ST0507,6
A0106,ST0960,6
A0106,ST1013,10
A0106,ST1155,7
A0106,ST0036,9
A0106,ST0903,9
A0106,ST0181,6
A0106,ST0689,6
A0106,ST0848,7
A0106,ST0885,10
A0106,ST0006,6
A0106,ST0364,8
A0106,ST0864,6
A0106,ST0154,9
A0106,ST0092,9
A0106,ST0089,5
A0106,ST0494,6
A0106,ST1168,8
A0106,ST0703,8
A0106,ST1072,7
A0107,ST0730,7
A0107,ST0813,10
A0107,ST0186,6
A0107,ST0858,8
A0107,ST0010,8
A0107,ST1131,8
A0107,ST0444,6
A0107,ST0221,5
A0107,ST1113,10
A0107,ST0392,10
A0107,ST0774,9
A0107,ST0371,9
A0107,ST0218,10
A0107,ST1063,8
A0107,ST1065,10
A0107,ST0505,9
A0107,ST0998,5
A0107,ST0293,7
A0107,ST1134,10
A0107,ST0884,5
A0108,ST0336,7
A0108,ST0116,7
A0108,ST0752,8
A0108,ST0452,5
A0108,ST0709,8
A0108,ST0137,6
A0108,ST0462,5
A0108,ST0641,5
A0108,ST0176,10
A0108,ST0734,9
A0108,ST0511,7
A0108,ST0200,6
A0108,ST0134,7
A0108,ST0810,9
A0108,ST0773,10
A0108,ST0119,9
A0108,ST0410,8
A0108,ST1079,6
A0108,ST1168,9
A0108,ST1138,8
A0109,ST0912,6
A0109,ST0441,8
A0109,ST0432,8
A0109,ST0257,5
A0109,ST0640,8
A0109,ST1094,7
A0109,ST1071,5
A0109,ST0967,5
A0109,ST0590,5
A0109,ST1003,8
A0109,ST1127,9
A0109,ST0686,9
A0109,ST1160,10
A0109,ST0347,6
A0109,ST0710,9
A0109,ST0088,10
A0109,ST0763,7
A0109,ST1049,7
A0109,ST0483,5
A0109,ST0423,9
A0110,ST0801,5
A0110,ST0127,6
A0110,ST0196,5
A0110,ST0440,9
A0110,ST0985,7
A0110,ST1199,7
A0110,ST0656,8
A0110,ST1054,6
A0110,ST0679,8
A0110,ST0275,10
A0110,ST0998,8
A0110,ST0519,5
A0110,ST1123,9
A0110,ST0514,10
A0110,ST0668,6
A0110,ST0031,10
A0110,ST0625,10
A0110,ST0851,10
A0110,ST0553,7
A0110,ST0775,8
A0111,ST0117,7
A0111,ST0554,6
A0111,ST0785,6
A0111,ST0648,8
A0111,ST0366,5
A0111,ST0210,10
A0111,ST1106,5
A0111,ST0051,10
A0111,ST0738,7
A0111,ST0389,7
A0111,ST0961,5
A0111,ST0749,5
A0111,ST0818,6
A0111,ST0147,7
A0111,ST1041,7
A0111,ST0463,7
A0111,ST0519,6
A0111,ST1060,9
A0111,ST0665,8
A0111,ST0450,10
A0112,ST0016,5
A0112,ST0617,8
A0112,ST0913,9
A0112,ST1102,5
A0112,ST0251,10
A0112,ST0477,9
A0112,ST0983,7
A0112,ST1181,9
A0112,ST1110,10
A0112,ST0545,5
A0112,ST0303,9
A0112,ST0498,5
A0112,ST0450,5
A0112,ST0419,7
A0112,ST1043,9
A0112,ST0202,9
A0112,ST0218,7
A0112,ST0837,5
A0112,ST0662,5
A0112,ST0076,9
A0113,ST0220,8
A0113,ST0238,5
A0113,ST0593,5
A0113,ST0099,8
A0113,ST0101,7
A0113,ST0590,5
A0113,ST0103,6
A0113,ST0473,6
A0113,ST0620,7
A0113,ST1042,9
A0113,ST1076,8
A0113,ST1022,10
A0113,ST0632,5
A0113,ST0731,6
A0113,ST0212,7
A0113,ST0079,6
A0113,ST0803,10
A0113,ST0563,5
A0113,ST0812,7
A0113,ST0182,8
A0114,ST0484,9
A0114,ST0337,5
A0114,ST0439,10
A0114,ST0061,7
A0114,ST0142,7
A0114,ST1058,8
A0114,ST0808,8
A0114,ST0111,6
A0114,ST1080,9
A0114,ST0196,9
A0114,ST0101,5
A0114,ST0098,10
A0114,ST1129,7
A0114,ST0197,7
A0114,ST0791,8
A0114,ST1122,8
A0114,ST0606,9
A0114,ST0473,9
A0114,ST0422,6
A0114,ST0664,7
A0115,ST0897,9
A0115,ST0032,9
A0115,ST1129,7
A0115,ST0809,9
A0115,ST1042,6
A0115,ST0057,9
A0115,ST1018,7
A0115,ST0642,9
A0115,ST0765,10
A0115,ST0837,10
A0115,ST0111,9
A0115,ST1133,5
A0115,ST0461,10
A0115,ST1021,9
A0115,ST0946,7
A0115,ST0958,10
A0115,ST0333,5
A0115,ST0171,5
A0115,ST0696,9
A0115,ST1100,9
A0116,ST0858,5
A0116,ST0536,9
A0116,ST0336,9
A0116,ST0297,5
A0116,ST0097,7
A0116,ST0861,6
A0116,ST0147,9
A0116,ST0720,8
A0116,ST0575,8
A0116,ST0052,10
A0116,ST0109,5
A0116,ST1140,9
A0116,ST0614,8
A0116,ST1169,6
A0116,ST0087,7
A0116,ST0984,5
A0116,ST0391,9
A0116,ST0990,9
A0116,ST0987,6
A0116,ST0246,5
A0117,ST0095,7
A0117,ST0982,7
A0117,ST0980,9
A0117,ST0855,8
A0117,ST0926,6
A0117,ST0939,9
A0117,ST0510,6
A0117,ST0609,10
A0117,ST0713,6
A0117,ST1160,5
A0117,ST0686,5
A0117,ST0719,9
A0117,ST1187,7
A0117,ST0560,7
A0117,ST0098,8
A0117,ST0797,9
A0117,ST0558,10
A0117,ST0671,5
A0117,ST0896,7
A0117,ST0906,8
A0118,ST1094,5
A0118,ST1071,6
A0118,ST0181,5
A0118,ST0326,9
A0118,ST0255,5
A0118,ST0770,6
A0118,ST0056,9
A0118,ST0881,7
A0118,ST0805,7
A0118,ST0311,5
A0118,ST0434,10
A0118,ST0320,7
A0118,ST0608,10
A0118,ST0076,9
A0118,ST0975,9
A0118,ST0531,9
A0118,ST0406,6
A0118,ST1096,8
A0118,ST0553,6
A0118,ST0862,10
A0119,ST0307,6
A0119,ST0569,5
A0119,ST0599,8
A0119,ST0225,8
A0119,ST0105,8
A0119,ST1005,9
A0119,ST0321,6
A0119,ST0128,8
A0119,ST0850,9
A0119,ST0696,5
A0119,ST0455,9
A0119,ST0586,7
A0119,ST0350,10
A0119,ST0658,5
A0119,ST0303,6
A0119,ST0067,7
A0119,ST0522,10
A0119,ST0770,5
A0119,ST0077,7
A0119,ST0147,6
A0120,ST0799,9
A0120,ST0730,6
A0120,ST0171,9
A0120,ST0367,5
A0120,ST0945,10
A0120,ST0913,7
A0120,ST0608,5
A0120,ST1154,7
A0120,ST0865,6
A0120,ST0923,5
A0120,ST0182,10
A0120,ST0397,8
A0120,ST0547,7
A0120,ST0895,10
A0120,ST1192,9
A0120,ST0126,10
A0120,ST0706,6
A0120,ST0245,9
A0120,ST0813,6
A0120,ST0260,9
